tau,s,h
0.04626968,0.00000000,0.00007714
0.04626968,0.01888558,0.00006677
0.04626968,0.03777117,0.00004746
0.04626968,0.05665675,0.00000000
0.04626968,0.07554233,0.00000000
0.04626968,0.09442792,0.00000000
0.04626968,0.11331350,0.00000000
0.04626968,0.13219909,0.00000000
0.04626968,0.15108466,0.00000000
0.04626968,0.16997025,0.00000000
0.04626968,0.18885584,0.00000000
0.04626968,0.20774141,0.00000000
0.04626968,0.22662700,0.00000000
0.04626968,0.24551258,0.00000000
0.04626968,0.26439818,0.00000000
0.04626968,0.28328375,0.00000000
0.04626968,0.30216933,0.00000000
0.04626968,0.32105493,0.00000000
0.04626968,0.33994050,0.00000000
0.04626968,0.35882608,0.00000000
0.04626968,0.37771168,0.00000000
0.04626968,0.39659725,0.00000000
0.04626968,0.41548283,0.00000000
0.04626968,0.43436843,0.00000000
0.04626968,0.45325400,0.00000000
0.04626968,0.47213958,0.00000000
0.04626968,0.49102515,0.00000000
0.04626968,0.50991073,0.00000000
0.04626968,0.52879636,0.00000000
0.04626968,0.54768193,0.00000000
0.04626968,0.56656750,0.00000000
0.04626968,0.58545308,0.00000000
0.04626968,0.60433865,0.00000000
0.04626968,0.62322423,0.00000000
0.04626968,0.64210986,0.00000000
0.04626968,0.66099543,0.00000000
0.04626968,0.67988101,0.00000000
0.04626968,0.69876658,0.00000000
0.04626968,0.71765215,0.00000000
0.04626968,0.73653773,0.00000000
0.04626968,0.75542336,0.00000000
0.04626968,0.77430893,0.00000000
0.04626968,0.79319451,0.00000000
0.04626968,0.81208008,0.00000000
0.04626968,0.83096565,0.00000000
0.04626968,0.84985123,0.00000000
0.04626968,0.86873686,0.00000000
0.04626968,0.88762243,0.00000000
0.04626968,0.90650801,0.00000000
0.04626968,0.92539358,0.00000000
0.06421098,0.00000000,0.00008398
0.06421098,0.01888558,0.00007671
0.06421098,0.03777117,0.00006611
0.06421098,0.05665675,0.00004582
0.06421098,0.07554233,0.00000000
0.06421098,0.09442792,0.00000000
0.06421098,0.11331350,0.00000000
0.06421098,0.13219909,0.00000000
0.06421098,0.15108466,0.00000000
0.06421098,0.16997025,0.00000000
0.06421098,0.18885584,0.00000000
0.06421098,0.20774141,0.00000000
0.06421098,0.22662700,0.00000000
0.06421098,0.24551258,0.00000000
0.06421098,0.26439818,0.00000000
0.06421098,0.28328375,0.00000000
0.06421098,0.30216933,0.00000000
0.06421098,0.32105493,0.00000000
0.06421098,0.33994050,0.00000000
0.06421098,0.35882608,0.00000000
0.06421098,0.37771168,0.00000000
0.06421098,0.39659725,0.00000000
0.06421098,0.41548283,0.00000000
0.06421098,0.43436843,0.00000000
0.06421098,0.45325400,0.00000000
0.06421098,0.47213958,0.00000000
0.06421098,0.49102515,0.00000000
0.06421098,0.50991073,0.00000000
0.06421098,0.52879636,0.00000000
0.06421098,0.54768193,0.00000000
0.06421098,0.56656750,0.00000000
0.06421098,0.58545308,0.00000000
0.06421098,0.60433865,0.00000000
0.06421098,0.62322423,0.00000000
0.06421098,0.64210986,0.00000000
0.06421098,0.66099543,0.00000000
0.06421098,0.67988101,0.00000000
0.06421098,0.69876658,0.00000000
0.06421098,0.71765215,0.00000000
0.06421098,0.73653773,0.00000000
0.06421098,0.75542336,0.00000000
0.06421098,0.77430893,0.00000000
0.06421098,0.79319451,0.00000000
0.06421098,0.81208008,0.00000000
0.06421098,0.83096565,0.00000000
0.06421098,0.84985123,0.00000000
0.06421098,0.86873686,0.00000000
0.06421098,0.88762243,0.00000000
0.06421098,0.90650801,0.00000000
0.06421098,0.92539358,0.00000000
0.08215229,0.00000000,0.00008920
0.08215229,0.01888558,0.00008367
0.08215229,0.03777117,0.00007628
0.08215229,0.05665675,0.00006543
0.08215229,0.07554233,0.00004403
0.08215229,0.09442792,0.00000000
0.08215229,0.11331350,0.00000000
0.08215229,0.13219909,0.00000000
0.08215229,0.15108466,0.00000000
0.08215229,0.16997025,0.00000000
0.08215229,0.18885584,0.00000000
0.08215229,0.20774141,0.00000000
0.08215229,0.22662700,0.00000000
0.08215229,0.24551258,0.00000000
0.08215229,0.26439818,0.00000000
0.08215229,0.28328375,0.00000000
0.08215229,0.30216933,0.00000000
0.08215229,0.32105493,0.00000000
0.08215229,0.33994050,0.00000000
0.08215229,0.35882608,0.00000000
0.08215229,0.37771168,0.00000000
0.08215229,0.39659725,0.00000000
0.08215229,0.41548283,0.00000000
0.08215229,0.43436843,0.00000000
0.08215229,0.45325400,0.00000000
0.08215229,0.47213958,0.00000000
0.08215229,0.49102515,0.00000000
0.08215229,0.50991073,0.00000000
0.08215229,0.52879636,0.00000000
0.08215229,0.54768193,0.00000000
0.08215229,0.56656750,0.00000000
0.08215229,0.58545308,0.00000000
0.08215229,0.60433865,0.00000000
0.08215229,0.62322423,0.00000000
0.08215229,0.64210986,0.00000000
0.08215229,0.66099543,0.00000000
0.08215229,0.67988101,0.00000000
0.08215229,0.69876658,0.00000000
0.08215229,0.71765215,0.00000000
0.08215229,0.73653773,0.00000000
0.08215229,0.75542336,0.00000000
0.08215229,0.77430893,0.00000000
0.08215229,0.79319451,0.00000000
0.08215229,0.81208008,0.00000000
0.08215229,0.83096565,0.00000000
0.08215229,0.84985123,0.00000000
0.08215229,0.86873686,0.00000000
0.08215229,0.88762243,0.00000000
0.08215229,0.90650801,0.00000000
0.08215229,0.92539358,0.00000000
0.10009359,0.00000000,0.00009334
0.10009359,0.01888558,0.00008896
0.10009359,0.03777117,0.00008335
0.10009359,0.05665675,0.00007584
0.10009359,0.07554233,0.00006474
0.10009359,0.09442792,0.00004204
0.10009359,0.11331350,0.00000000
0.10009359,0.13219909,0.00000000
0.10009359,0.15108466,0.00000000
0.10009359,0.16997025,0.00000000
0.10009359,0.18885584,0.00000000
0.10009359,0.20774141,0.00000000
0.10009359,0.22662700,0.00000000
0.10009359,0.24551258,0.00000000
0.10009359,0.26439818,0.00000000
0.10009359,0.28328375,0.00000000
0.10009359,0.30216933,0.00000000
0.10009359,0.32105493,0.00000000
0.10009359,0.33994050,0.00000000
0.10009359,0.35882608,0.00000000
0.10009359,0.37771168,0.00000000
0.10009359,0.39659725,0.00000000
0.10009359,0.41548283,0.00000000
0.10009359,0.43436843,0.00000000
0.10009359,0.45325400,0.00000000
0.10009359,0.47213958,0.00000000
0.10009359,0.49102515,0.00000000
0.10009359,0.50991073,0.00000000
0.10009359,0.52879636,0.00000000
0.10009359,0.54768193,0.00000000
0.10009359,0.56656750,0.00000000
0.10009359,0.58545308,0.00000000
0.10009359,0.60433865,0.00000000
0.10009359,0.62322423,0.00000000
0.10009359,0.64210986,0.00000000
0.10009359,0.66099543,0.00000000
0.10009359,0.67988101,0.00000000
0.10009359,0.69876658,0.00000000
0.10009359,0.71765215,0.00000000
0.10009359,0.73653773,0.00000000
0.10009359,0.75542336,0.00000000
0.10009359,0.77430893,0.00000000
0.10009359,0.79319451,0.00000000
0.10009359,0.81208008,0.00000000
0.10009359,0.83096565,0.00000000
0.10009359,0.84985123,0.00000000
0.10009359,0.86873686,0.00000000
0.10009359,0.88762243,0.00000000
0.10009359,0.90650801,0.00000000
0.10009359,0.92539358,0.00000000
0.11803489,0.00000000,0.00009669
0.11803489,0.01888558,0.00009314
0.11803489,0.03777117,0.00008871
0.11803489,0.05665675,0.00008303
0.11803489,0.07554233,0.00007540
0.11803489,0.09442792,0.00006402
0.11803489,0.11331350,0.00003979
0.11803489,0.13219909,0.00000000
0.11803489,0.15108466,0.00000000
0.11803489,0.16997025,0.00000000
0.11803489,0.18885584,0.00000000
0.11803489,0.20774141,0.00000000
0.11803489,0.22662700,0.00000000
0.11803489,0.24551258,0.00000000
0.11803489,0.26439818,0.00000000
0.11803489,0.28328375,0.00000000
0.11803489,0.30216933,0.00000000
0.11803489,0.32105493,0.00000000
0.11803489,0.33994050,0.00000000
0.11803489,0.35882608,0.00000000
0.11803489,0.37771168,0.00000000
0.11803489,0.39659725,0.00000000
0.11803489,0.41548283,0.00000000
0.11803489,0.43436843,0.00000000
0.11803489,0.45325400,0.00000000
0.11803489,0.47213958,0.00000000
0.11803489,0.49102515,0.00000000
0.11803489,0.50991073,0.00000000
0.11803489,0.52879636,0.00000000
0.11803489,0.54768193,0.00000000
0.11803489,0.56656750,0.00000000
0.11803489,0.58545308,0.00000000
0.11803489,0.60433865,0.00000000
0.11803489,0.62322423,0.00000000
0.11803489,0.64210986,0.00000000
0.11803489,0.66099543,0.00000000
0.11803489,0.67988101,0.00000000
0.11803489,0.69876658,0.00000000
0.11803489,0.71765215,0.00000000
0.11803489,0.73653773,0.00000000
0.11803489,0.75542336,0.00000000
0.11803489,0.77430893,0.00000000
0.11803489,0.79319451,0.00000000
0.11803489,0.81208008,0.00000000
0.11803489,0.83096565,0.00000000
0.11803489,0.84985123,0.00000000
0.11803489,0.86873686,0.00000000
0.11803489,0.88762243,0.00000000
0.11803489,0.90650801,0.00000000
0.11803489,0.92539358,0.00000000
0.13597620,0.00000000,0.00009946
0.13597620,0.01888558,0.00009653
0.13597620,0.03777117,0.00009294
0.13597620,0.05665675,0.00008846
0.13597620,0.07554233,0.00008271
0.13597620,0.09442792,0.00007494
0.13597620,0.11331350,0.00006327
0.13597620,0.13219909,0.00003720
0.13597620,0.15108466,0.00000000
0.13597620,0.16997025,0.00000000
0.13597620,0.18885584,0.00000000
0.13597620,0.20774141,0.00000000
0.13597620,0.22662700,0.00000000
0.13597620,0.24551258,0.00000000
0.13597620,0.26439818,0.00000000
0.13597620,0.28328375,0.00000000
0.13597620,0.30216933,0.00000000
0.13597620,0.32105493,0.00000000
0.13597620,0.33994050,0.00000000
0.13597620,0.35882608,0.00000000
0.13597620,0.37771168,0.00000000
0.13597620,0.39659725,0.00000000
0.13597620,0.41548283,0.00000000
0.13597620,0.43436843,0.00000000
0.13597620,0.45325400,0.00000000
0.13597620,0.47213958,0.00000000
0.13597620,0.49102515,0.00000000
0.13597620,0.50991073,0.00000000
0.13597620,0.52879636,0.00000000
0.13597620,0.54768193,0.00000000
0.13597620,0.56656750,0.00000000
0.13597620,0.58545308,0.00000000
0.13597620,0.60433865,0.00000000
0.13597620,0.62322423,0.00000000
0.13597620,0.64210986,0.00000000
0.13597620,0.66099543,0.00000000
0.13597620,0.67988101,0.00000000
0.13597620,0.69876658,0.00000000
0.13597620,0.71765215,0.00000000
0.13597620,0.73653773,0.00000000
0.13597620,0.75542336,0.00000000
0.13597620,0.77430893,0.00000000
0.13597620,0.79319451,0.00000000
0.13597620,0.81208008,0.00000000
0.13597620,0.83096565,0.00000000
0.13597620,0.84985123,0.00000000
0.13597620,0.86873686,0.00000000
0.13597620,0.88762243,0.00000000
0.13597620,0.90650801,0.00000000
0.13597620,0.92539358,0.00000000
0.15391751,0.00000000,0.00010176
0.15391751,0.01888558,0.00009933
0.15391751,0.03777117,0.00009637
0.15391751,0.05665675,0.00009274
0.15391751,0.07554233,0.00008820
0.15391751,0.09442792,0.00008237
0.15391751,0.11331350,0.00007447
0.15391751,0.13219909,0.00006251
0.15391751,0.15108466,0.00003410
0.15391751,0.16997025,0.00000000
0.15391751,0.18885584,0.00000000
0.15391751,0.20774141,0.00000000
0.15391751,0.22662700,0.00000000
0.15391751,0.24551258,0.00000000
0.15391751,0.26439818,0.00000000
0.15391751,0.28328375,0.00000000
0.15391751,0.30216933,0.00000000
0.15391751,0.32105493,0.00000000
0.15391751,0.33994050,0.00000000
0.15391751,0.35882608,0.00000000
0.15391751,0.37771168,0.00000000
0.15391751,0.39659725,0.00000000
0.15391751,0.41548283,0.00000000
0.15391751,0.43436843,0.00000000
0.15391751,0.45325400,0.00000000
0.15391751,0.47213958,0.00000000
0.15391751,0.49102515,0.00000000
0.15391751,0.50991073,0.00000000
0.15391751,0.52879636,0.00000000
0.15391751,0.54768193,0.00000000
0.15391751,0.56656750,0.00000000
0.15391751,0.58545308,0.00000000
0.15391751,0.60433865,0.00000000
0.15391751,0.62322423,0.00000000
0.15391751,0.64210986,0.00000000
0.15391751,0.66099543,0.00000000
0.15391751,0.67988101,0.00000000
0.15391751,0.69876658,0.00000000
0.15391751,0.71765215,0.00000000
0.15391751,0.73653773,0.00000000
0.15391751,0.75542336,0.00000000
0.15391751,0.77430893,0.00000000
0.15391751,0.79319451,0.00000000
0.15391751,0.81208008,0.00000000
0.15391751,0.83096565,0.00000000
0.15391751,0.84985123,0.00000000
0.15391751,0.86873686,0.00000000
0.15391751,0.88762243,0.00000000
0.15391751,0.90650801,0.00000000
0.15391751,0.92539358,0.00000000
0.17185881,0.00000000,0.00010368
0.17185881,0.01888558,0.00010165
0.17185881,0.03777117,0.00009920
0.17185881,0.05665675,0.00009621
0.17185881,0.07554233,0.00009254
0.17185881,0.09442792,0.00008795
0.17185881,0.11331350,0.00008204
0.17185881,0.13219909,0.00007400
0.17185881,0.15108466,0.00006171
0.17185881,0.16997025,0.00003016
0.17185881,0.18885584,0.00000000
0.17185881,0.20774141,0.00000000
0.17185881,0.22662700,0.00000000
0.17185881,0.24551258,0.00000000
0.17185881,0.26439818,0.00000000
0.17185881,0.28328375,0.00000000
0.17185881,0.30216933,0.00000000
0.17185881,0.32105493,0.00000000
0.17185881,0.33994050,0.00000000
0.17185881,0.35882608,0.00000000
0.17185881,0.37771168,0.00000000
0.17185881,0.39659725,0.00000000
0.17185881,0.41548283,0.00000000
0.17185881,0.43436843,0.00000000
0.17185881,0.45325400,0.00000000
0.17185881,0.47213958,0.00000000
0.17185881,0.49102515,0.00000000
0.17185881,0.50991073,0.00000000
0.17185881,0.52879636,0.00000000
0.17185881,0.54768193,0.00000000
0.17185881,0.56656750,0.00000000
0.17185881,0.58545308,0.00000000
0.17185881,0.60433865,0.00000000
0.17185881,0.62322423,0.00000000
0.17185881,0.64210986,0.00000000
0.17185881,0.66099543,0.00000000
0.17185881,0.67988101,0.00000000
0.17185881,0.69876658,0.00000000
0.17185881,0.71765215,0.00000000
0.17185881,0.73653773,0.00000000
0.17185881,0.75542336,0.00000000
0.17185881,0.77430893,0.00000000
0.17185881,0.79319451,0.00000000
0.17185881,0.81208008,0.00000000
0.17185881,0.83096565,0.00000000
0.17185881,0.84985123,0.00000000
0.17185881,0.86873686,0.00000000
0.17185881,0.88762243,0.00000000
0.17185881,0.90650801,0.00000000
0.17185881,0.92539358,0.00000000
0.18980011,0.00000000,0.00010529
0.18980011,0.01888558,0.00010359
0.18980011,0.03777117,0.00010154
0.18980011,0.05665675,0.00009906
0.18980011,0.07554233,0.00009604
0.18980011,0.09442792,0.00009233
0.18980011,0.11331350,0.00008769
0.18980011,0.13219909,0.00008170
0.18980011,0.15108466,0.00007352
0.18980011,0.16997025,0.00006089
0.18980011,0.18885584,0.00002443
0.18980011,0.20774141,0.00000000
0.18980011,0.22662700,0.00000000
0.18980011,0.24551258,0.00000000
0.18980011,0.26439818,0.00000000
0.18980011,0.28328375,0.00000000
0.18980011,0.30216933,0.00000000
0.18980011,0.32105493,0.00000000
0.18980011,0.33994050,0.00000000
0.18980011,0.35882608,0.00000000
0.18980011,0.37771168,0.00000000
0.18980011,0.39659725,0.00000000
0.18980011,0.41548283,0.00000000
0.18980011,0.43436843,0.00000000
0.18980011,0.45325400,0.00000000
0.18980011,0.47213958,0.00000000
0.18980011,0.49102515,0.00000000
0.18980011,0.50991073,0.00000000
0.18980011,0.52879636,0.00000000
0.18980011,0.54768193,0.00000000
0.18980011,0.56656750,0.00000000
0.18980011,0.58545308,0.00000000
0.18980011,0.60433865,0.00000000
0.18980011,0.62322423,0.00000000
0.18980011,0.64210986,0.00000000
0.18980011,0.66099543,0.00000000
0.18980011,0.67988101,0.00000000
0.18980011,0.69876658,0.00000000
0.18980011,0.71765215,0.00000000
0.18980011,0.73653773,0.00000000
0.18980011,0.75542336,0.00000000
0.18980011,0.77430893,0.00000000
0.18980011,0.79319451,0.00000000
0.18980011,0.81208008,0.00000000
0.18980011,0.83096565,0.00000000
0.18980011,0.84985123,0.00000000
0.18980011,0.86873686,0.00000000
0.18980011,0.88762243,0.00000000
0.18980011,0.90650801,0.00000000
0.18980011,0.92539358,0.00000000
0.20774141,0.00000000,0.00010662
0.20774141,0.01888558,0.00010521
0.20774141,0.03777117,0.00010350
0.20774141,0.05665675,0.00010143
0.20774141,0.07554233,0.00009892
0.20774141,0.09442792,0.00009587
0.20774141,0.11331350,0.00009212
0.20774141,0.13219909,0.00008743
0.20774141,0.15108466,0.00008135
0.20774141,0.16997025,0.00007302
0.20774141,0.18885584,0.00006004
0.20774141,0.20774141,0.00000000
0.20774141,0.22662700,0.00000000
0.20774141,0.24551258,0.00000000
0.20774141,0.26439818,0.00000000
0.20774141,0.28328375,0.00000000
0.20774141,0.30216933,0.00000000
0.20774141,0.32105493,0.00000000
0.20774141,0.33994050,0.00000000
0.20774141,0.35882608,0.00000000
0.20774141,0.37771168,0.00000000
0.20774141,0.39659725,0.00000000
0.20774141,0.41548283,0.00000000
0.20774141,0.43436843,0.00000000
0.20774141,0.45325400,0.00000000
0.20774141,0.47213958,0.00000000
0.20774141,0.49102515,0.00000000
0.20774141,0.50991073,0.00000000
0.20774141,0.52879636,0.00000000
0.20774141,0.54768193,0.00000000
0.20774141,0.56656750,0.00000000
0.20774141,0.58545308,0.00000000
0.20774141,0.60433865,0.00000000
0.20774141,0.62322423,0.00000000
0.20774141,0.64210986,0.00000000
0.20774141,0.66099543,0.00000000
0.20774141,0.67988101,0.00000000
0.20774141,0.69876658,0.00000000
0.20774141,0.71765215,0.00000000
0.20774141,0.73653773,0.00000000
0.20774141,0.75542336,0.00000000
0.20774141,0.77430893,0.00000000
0.20774141,0.79319451,0.00000000
0.20774141,0.81208008,0.00000000
0.20774141,0.83096565,0.00000000
0.20774141,0.84985123,0.00000000
0.20774141,0.86873686,0.00000000
0.20774141,0.88762243,0.00000000
0.20774141,0.90650801,0.00000000
0.20774141,0.92539358,0.00000000
0.22568271,0.00000000,0.00010773
0.22568271,0.01888558,0.00010656
0.22568271,0.03777117,0.00010513
0.22568271,0.05665675,0.00010340
0.22568271,0.07554233,0.00010131
0.22568271,0.09442792,0.00009878
0.22568271,0.11331350,0.00009571
0.22568271,0.13219909,0.00009191
0.22568271,0.15108466,0.00008716
0.22568271,0.16997025,0.00008100
0.22568271,0.18885584,0.00007252
0.22568271,0.20774141,0.00005915
0.22568271,0.22662700,0.00000000
0.22568271,0.24551258,0.00000000
0.22568271,0.26439818,0.00000000
0.22568271,0.28328375,0.00000000
0.22568271,0.30216933,0.00000000
0.22568271,0.32105493,0.00000000
0.22568271,0.33994050,0.00000000
0.22568271,0.35882608,0.00000000
0.22568271,0.37771168,0.00000000
0.22568271,0.39659725,0.00000000
0.22568271,0.41548283,0.00000000
0.22568271,0.43436843,0.00000000
0.22568271,0.45325400,0.00000000
0.22568271,0.47213958,0.00000000
0.22568271,0.49102515,0.00000000
0.22568271,0.50991073,0.00000000
0.22568271,0.52879636,0.00000000
0.22568271,0.54768193,0.00000000
0.22568271,0.56656750,0.00000000
0.22568271,0.58545308,0.00000000
0.22568271,0.60433865,0.00000000
0.22568271,0.62322423,0.00000000
0.22568271,0.64210986,0.00000000
0.22568271,0.66099543,0.00000000
0.22568271,0.67988101,0.00000000
0.22568271,0.69876658,0.00000000
0.22568271,0.71765215,0.00000000
0.22568271,0.73653773,0.00000000
0.22568271,0.75542336,0.00000000
0.22568271,0.77430893,0.00000000
0.22568271,0.79319451,0.00000000
0.22568271,0.81208008,0.00000000
0.22568271,0.83096565,0.00000000
0.22568271,0.84985123,0.00000000
0.22568271,0.86873686,0.00000000
0.22568271,0.88762243,0.00000000
0.22568271,0.90650801,0.00000000
0.22568271,0.92539358,0.00000000
0.24362403,0.00000000,0.00010864
0.24362403,0.01888558,0.00010768
0.24362403,0.03777117,0.00010649
0.24362403,0.05665675,0.00010505
0.24362403,0.07554233,0.00010331
0.24362403,0.09442792,0.00010120
0.24362403,0.11331350,0.00009864
0.24362403,0.13219909,0.00009553
0.24362403,0.15108466,0.00009170
0.24362403,0.16997025,0.00008689
0.24362403,0.18885584,0.00008064
0.24362403,0.20774141,0.00007200
0.24362403,0.22662700,0.00005823
0.24362403,0.24551258,0.00000000
0.24362403,0.26439818,0.00000000
0.24362403,0.28328375,0.00000000
0.24362403,0.30216933,0.00000000
0.24362403,0.32105493,0.00000000
0.24362403,0.33994050,0.00000000
0.24362403,0.35882608,0.00000000
0.24362403,0.37771168,0.00000000
0.24362403,0.39659725,0.00000000
0.24362403,0.41548283,0.00000000
0.24362403,0.43436843,0.00000000
0.24362403,0.45325400,0.00000000
0.24362403,0.47213958,0.00000000
0.24362403,0.49102515,0.00000000
0.24362403,0.50991073,0.00000000
0.24362403,0.52879636,0.00000000
0.24362403,0.54768193,0.00000000
0.24362403,0.56656750,0.00000000
0.24362403,0.58545308,0.00000000
0.24362403,0.60433865,0.00000000
0.24362403,0.62322423,0.00000000
0.24362403,0.64210986,0.00000000
0.24362403,0.66099543,0.00000000
0.24362403,0.67988101,0.00000000
0.24362403,0.69876658,0.00000000
0.24362403,0.71765215,0.00000000
0.24362403,0.73653773,0.00000000
0.24362403,0.75542336,0.00000000
0.24362403,0.77430893,0.00000000
0.24362403,0.79319451,0.00000000
0.24362403,0.81208008,0.00000000
0.24362403,0.83096565,0.00000000
0.24362403,0.84985123,0.00000000
0.24362403,0.86873686,0.00000000
0.24362403,0.88762243,0.00000000
0.24362403,0.90650801,0.00000000
0.24362403,0.92539358,0.00000000
0.26156533,0.00000000,0.00010937
0.26156533,0.01888558,0.00010860
0.26156533,0.03777117,0.00010762
0.26156533,0.05665675,0.00010643
0.26156533,0.07554233,0.00010497
0.26156533,0.09442792,0.00010321
0.26156533,0.11331350,0.00010108
0.26156533,0.13219909,0.00009850
0.26156533,0.15108466,0.00009536
0.26156533,0.16997025,0.00009149
0.26156533,0.18885584,0.00008662
0.26156533,0.20774141,0.00008027
0.26156533,0.22662700,0.00007147
0.26156533,0.24551258,0.00005727
0.26156533,0.26439818,0.00000000
0.26156533,0.28328375,0.00000000
0.26156533,0.30216933,0.00000000
0.26156533,0.32105493,0.00000000
0.26156533,0.33994050,0.00000000
0.26156533,0.35882608,0.00000000
0.26156533,0.37771168,0.00000000
0.26156533,0.39659725,0.00000000
0.26156533,0.41548283,0.00000000
0.26156533,0.43436843,0.00000000
0.26156533,0.45325400,0.00000000
0.26156533,0.47213958,0.00000000
0.26156533,0.49102515,0.00000000
0.26156533,0.50991073,0.00000000
0.26156533,0.52879636,0.00000000
0.26156533,0.54768193,0.00000000
0.26156533,0.56656750,0.00000000
0.26156533,0.58545308,0.00000000
0.26156533,0.60433865,0.00000000
0.26156533,0.62322423,0.00000000
0.26156533,0.64210986,0.00000000
0.26156533,0.66099543,0.00000000
0.26156533,0.67988101,0.00000000
0.26156533,0.69876658,0.00000000
0.26156533,0.71765215,0.00000000
0.26156533,0.73653773,0.00000000
0.26156533,0.75542336,0.00000000
0.26156533,0.77430893,0.00000000
0.26156533,0.79319451,0.00000000
0.26156533,0.81208008,0.00000000
0.26156533,0.83096565,0.00000000
0.26156533,0.84985123,0.00000000
0.26156533,0.86873686,0.00000000
0.26156533,0.88762243,0.00000000
0.26156533,0.90650801,0.00000000
0.26156533,0.92539358,0.00000000
0.27950663,0.00000000,0.00010995
0.27950663,0.01888558,0.00010934
0.27950663,0.03777117,0.00010855
0.27950663,0.05665675,0.00010757
0.27950663,0.07554233,0.00010636
0.27950663,0.09442792,0.00010489
0.27950663,0.11331350,0.00010311
0.27950663,0.13219909,0.00010096
0.27950663,0.15108466,0.00009836
0.27950663,0.16997025,0.00009519
0.27950663,0.18885584,0.00009127
0.27950663,0.20774141,0.00008634
0.27950663,0.22662700,0.00007990
0.27950663,0.24551258,0.00007093
0.27950663,0.26439818,0.00005626
0.27950663,0.28328375,0.00000000
0.27950663,0.30216933,0.00000000
0.27950663,0.32105493,0.00000000
0.27950663,0.33994050,0.00000000
0.27950663,0.35882608,0.00000000
0.27950663,0.37771168,0.00000000
0.27950663,0.39659725,0.00000000
0.27950663,0.41548283,0.00000000
0.27950663,0.43436843,0.00000000
0.27950663,0.45325400,0.00000000
0.27950663,0.47213958,0.00000000
0.27950663,0.49102515,0.00000000
0.27950663,0.50991073,0.00000000
0.27950663,0.52879636,0.00000000
0.27950663,0.54768193,0.00000000
0.27950663,0.56656750,0.00000000
0.27950663,0.58545308,0.00000000
0.27950663,0.60433865,0.00000000
0.27950663,0.62322423,0.00000000
0.27950663,0.64210986,0.00000000
0.27950663,0.66099543,0.00000000
0.27950663,0.67988101,0.00000000
0.27950663,0.69876658,0.00000000
0.27950663,0.71765215,0.00000000
0.27950663,0.73653773,0.00000000
0.27950663,0.75542336,0.00000000
0.27950663,0.77430893,0.00000000
0.27950663,0.79319451,0.00000000
0.27950663,0.81208008,0.00000000
0.27950663,0.83096565,0.00000000
0.27950663,0.84985123,0.00000000
0.27950663,0.86873686,0.00000000
0.27950663,0.88762243,0.00000000
0.27950663,0.90650801,0.00000000
0.27950663,0.92539358,0.00000000
0.29744793,0.00000000,0.00011040
0.29744793,0.01888558,0.00010993
0.29744793,0.03777117,0.00010930
0.29744793,0.05665675,0.00010851
0.29744793,0.07554233,0.00010752
0.29744793,0.09442792,0.00010630
0.29744793,0.11331350,0.00010481
0.29744793,0.13219909,0.00010302
0.29744793,0.15108466,0.00010085
0.29744793,0.16997025,0.00009822
0.29744793,0.18885584,0.00009501
0.29744793,0.20774141,0.00009105
0.29744793,0.22662700,0.00008606
0.29744793,0.24551258,0.00007953
0.29744793,0.26439818,0.00007038
0.29744793,0.28328375,0.00005521
0.29744793,0.30216933,0.00000000
0.29744793,0.32105493,0.00000000
0.29744793,0.33994050,0.00000000
0.29744793,0.35882608,0.00000000
0.29744793,0.37771168,0.00000000
0.29744793,0.39659725,0.00000000
0.29744793,0.41548283,0.00000000
0.29744793,0.43436843,0.00000000
0.29744793,0.45325400,0.00000000
0.29744793,0.47213958,0.00000000
0.29744793,0.49102515,0.00000000
0.29744793,0.50991073,0.00000000
0.29744793,0.52879636,0.00000000
0.29744793,0.54768193,0.00000000
0.29744793,0.56656750,0.00000000
0.29744793,0.58545308,0.00000000
0.29744793,0.60433865,0.00000000
0.29744793,0.62322423,0.00000000
0.29744793,0.64210986,0.00000000
0.29744793,0.66099543,0.00000000
0.29744793,0.67988101,0.00000000
0.29744793,0.69876658,0.00000000
0.29744793,0.71765215,0.00000000
0.29744793,0.73653773,0.00000000
0.29744793,0.75542336,0.00000000
0.29744793,0.77430893,0.00000000
0.29744793,0.79319451,0.00000000
0.29744793,0.81208008,0.00000000
0.29744793,0.83096565,0.00000000
0.29744793,0.84985123,0.00000000
0.29744793,0.86873686,0.00000000
0.29744793,0.88762243,0.00000000
0.29744793,0.90650801,0.00000000
0.29744793,0.92539358,0.00000000
0.31538923,0.00000000,0.00011072
0.31538923,0.01888558,0.00011038
0.31538923,0.03777117,0.00010990
0.31538923,0.05665675,0.00010927
0.31538923,0.07554233,0.00010846
0.31538923,0.09442792,0.00010746
0.31538923,0.11331350,0.00010623
0.31538923,0.13219909,0.00010473
0.31538923,0.15108466,0.00010292
0.31538923,0.16997025,0.00010073
0.31538923,0.18885584,0.00009807
0.31538923,0.20774141,0.00009483
0.31538923,0.22662700,0.00009083
0.31538923,0.24551258,0.00008577
0.31538923,0.26439818,0.00007915
0.31538923,0.28328375,0.00006982
0.31538923,0.30216933,0.00005410
0.31538923,0.32105493,0.00000000
0.31538923,0.33994050,0.00000000
0.31538923,0.35882608,0.00000000
0.31538923,0.37771168,0.00000000
0.31538923,0.39659725,0.00000000
0.31538923,0.41548283,0.00000000
0.31538923,0.43436843,0.00000000
0.31538923,0.45325400,0.00000000
0.31538923,0.47213958,0.00000000
0.31538923,0.49102515,0.00000000
0.31538923,0.50991073,0.00000000
0.31538923,0.52879636,0.00000000
0.31538923,0.54768193,0.00000000
0.31538923,0.56656750,0.00000000
0.31538923,0.58545308,0.00000000
0.31538923,0.60433865,0.00000000
0.31538923,0.62322423,0.00000000
0.31538923,0.64210986,0.00000000
0.31538923,0.66099543,0.00000000
0.31538923,0.67988101,0.00000000
0.31538923,0.69876658,0.00000000
0.31538923,0.71765215,0.00000000
0.31538923,0.73653773,0.00000000
0.31538923,0.75542336,0.00000000
0.31538923,0.77430893,0.00000000
0.31538923,0.79319451,0.00000000
0.31538923,0.81208008,0.00000000
0.31538923,0.83096565,0.00000000
0.31538923,0.84985123,0.00000000
0.31538923,0.86873686,0.00000000
0.31538923,0.88762243,0.00000000
0.31538923,0.90650801,0.00000000
0.31538923,0.92539358,0.00000000
0.33333054,0.00000000,0.00011093
0.33333054,0.01888558,0.00011071
0.33333054,0.03777117,0.00011036
0.33333054,0.05665675,0.00010987
0.33333054,0.07554233,0.00010923
0.33333054,0.09442792,0.00010842
0.33333054,0.11331350,0.00010740
0.33333054,0.13219909,0.00010616
0.33333054,0.15108466,0.00010465
0.33333054,0.16997025,0.00010282
0.33333054,0.18885584,0.00010061
0.33333054,0.20774141,0.00009792
0.33333054,0.22662700,0.00009465
0.33333054,0.24551258,0.00009060
0.33333054,0.26439818,0.00008549
0.33333054,0.28328375,0.00007876
0.33333054,0.30216933,0.00006924
0.33333054,0.32105493,0.00005293
0.33333054,0.33994050,0.00000000
0.33333054,0.35882608,0.00000000
0.33333054,0.37771168,0.00000000
0.33333054,0.39659725,0.00000000
0.33333054,0.41548283,0.00000000
0.33333054,0.43436843,0.00000000
0.33333054,0.45325400,0.00000000
0.33333054,0.47213958,0.00000000
0.33333054,0.49102515,0.00000000
0.33333054,0.50991073,0.00000000
0.33333054,0.52879636,0.00000000
0.33333054,0.54768193,0.00000000
0.33333054,0.56656750,0.00000000
0.33333054,0.58545308,0.00000000
0.33333054,0.60433865,0.00000000
0.33333054,0.62322423,0.00000000
0.33333054,0.64210986,0.00000000
0.33333054,0.66099543,0.00000000
0.33333054,0.67988101,0.00000000
0.33333054,0.69876658,0.00000000
0.33333054,0.71765215,0.00000000
0.33333054,0.73653773,0.00000000
0.33333054,0.75542336,0.00000000
0.33333054,0.77430893,0.00000000
0.33333054,0.79319451,0.00000000
0.33333054,0.81208008,0.00000000
0.33333054,0.83096565,0.00000000
0.33333054,0.84985123,0.00000000
0.33333054,0.86873686,0.00000000
0.33333054,0.88762243,0.00000000
0.33333054,0.90650801,0.00000000
0.33333054,0.92539358,0.00000000
0.35127184,0.00000000,0.00011105
0.35127184,0.01888558,0.00011092
0.35127184,0.03777117,0.00011069
0.35127184,0.05665675,0.00011034
0.35127184,0.07554233,0.00010984
0.35127184,0.09442792,0.00010919
0.35127184,0.11331350,0.00010837
0.35127184,0.13219909,0.00010735
0.35127184,0.15108466,0.00010609
0.35127184,0.16997025,0.00010456
0.35127184,0.18885584,0.00010272
0.35127184,0.20774141,0.00010048
0.35127184,0.22662700,0.00009778
0.35127184,0.24551258,0.00009447
0.35127184,0.26439818,0.00009038
0.35127184,0.28328375,0.00008519
0.35127184,0.30216933,0.00007836
0.35127184,0.32105493,0.00006864
0.35127184,0.33994050,0.00005170
0.35127184,0.35882608,0.00000000
0.35127184,0.37771168,0.00000000
0.35127184,0.39659725,0.00000000
0.35127184,0.41548283,0.00000000
0.35127184,0.43436843,0.00000000
0.35127184,0.45325400,0.00000000
0.35127184,0.47213958,0.00000000
0.35127184,0.49102515,0.00000000
0.35127184,0.50991073,0.00000000
0.35127184,0.52879636,0.00000000
0.35127184,0.54768193,0.00000000
0.35127184,0.56656750,0.00000000
0.35127184,0.58545308,0.00000000
0.35127184,0.60433865,0.00000000
0.35127184,0.62322423,0.00000000
0.35127184,0.64210986,0.00000000
0.35127184,0.66099543,0.00000000
0.35127184,0.67988101,0.00000000
0.35127184,0.69876658,0.00000000
0.35127184,0.71765215,0.00000000
0.35127184,0.73653773,0.00000000
0.35127184,0.75542336,0.00000000
0.35127184,0.77430893,0.00000000
0.35127184,0.79319451,0.00000000
0.35127184,0.81208008,0.00000000
0.35127184,0.83096565,0.00000000
0.35127184,0.84985123,0.00000000
0.35127184,0.86873686,0.00000000
0.35127184,0.88762243,0.00000000
0.35127184,0.90650801,0.00000000
0.35127184,0.92539358,0.00000000
0.36921316,0.00000000,0.00011108
0.36921316,0.01888558,0.00011105
0.36921316,0.03777117,0.00011092
0.36921316,0.05665675,0.00011068
0.36921316,0.07554233,0.00011031
0.36921316,0.09442792,0.00010981
0.36921316,0.11331350,0.00010916
0.36921316,0.13219909,0.00010833
0.36921316,0.15108466,0.00010729
0.36921316,0.16997025,0.00010602
0.36921316,0.18885584,0.00010448
0.36921316,0.20774141,0.00010261
0.36921316,0.22662700,0.00010036
0.36921316,0.24551258,0.00009763
0.36921316,0.26439818,0.00009429
0.36921316,0.28328375,0.00009015
0.36921316,0.30216933,0.00008490
0.36921316,0.32105493,0.00007796
0.36921316,0.33994050,0.00006804
0.36921316,0.35882608,0.00005038
0.36921316,0.37771168,0.00000000
0.36921316,0.39659725,0.00000000
0.36921316,0.41548283,0.00000000
0.36921316,0.43436843,0.00000000
0.36921316,0.45325400,0.00000000
0.36921316,0.47213958,0.00000000
0.36921316,0.49102515,0.00000000
0.36921316,0.50991073,0.00000000
0.36921316,0.52879636,0.00000000
0.36921316,0.54768193,0.00000000
0.36921316,0.56656750,0.00000000
0.36921316,0.58545308,0.00000000
0.36921316,0.60433865,0.00000000
0.36921316,0.62322423,0.00000000
0.36921316,0.64210986,0.00000000
0.36921316,0.66099543,0.00000000
0.36921316,0.67988101,0.00000000
0.36921316,0.69876658,0.00000000
0.36921316,0.71765215,0.00000000
0.36921316,0.73653773,0.00000000
0.36921316,0.75542336,0.00000000
0.36921316,0.77430893,0.00000000
0.36921316,0.79319451,0.00000000
0.36921316,0.81208008,0.00000000
0.36921316,0.83096565,0.00000000
0.36921316,0.84985123,0.00000000
0.36921316,0.86873686,0.00000000
0.36921316,0.88762243,0.00000000
0.36921316,0.90650801,0.00000000
0.36921316,0.92539358,0.00000000
0.38715447,0.00000000,0.00011102
0.38715447,0.01888558,0.00011108
0.38715447,0.03777117,0.00011104
0.38715447,0.05665675,0.00011091
0.38715447,0.07554233,0.00011066
0.38715447,0.09442792,0.00011029
0.38715447,0.11331350,0.00010978
0.38715447,0.13219909,0.00010912
0.38715447,0.15108466,0.00010828
0.38715447,0.16997025,0.00010723
0.38715447,0.18885584,0.00010595
0.38715447,0.20774141,0.00010439
0.38715447,0.22662700,0.00010251
0.38715447,0.24551258,0.00010024
0.38715447,0.26439818,0.00009747
0.38715447,0.28328375,0.00009410
0.38715447,0.30216933,0.00008991
0.38715447,0.32105493,0.00008460
0.38715447,0.33994050,0.00007755
0.38715447,0.35882608,0.00006741
0.38715447,0.37771168,0.00004898
0.38715447,0.39659725,0.00000000
0.38715447,0.41548283,0.00000000
0.38715447,0.43436843,0.00000000
0.38715447,0.45325400,0.00000000
0.38715447,0.47213958,0.00000000
0.38715447,0.49102515,0.00000000
0.38715447,0.50991073,0.00000000
0.38715447,0.52879636,0.00000000
0.38715447,0.54768193,0.00000000
0.38715447,0.56656750,0.00000000
0.38715447,0.58545308,0.00000000
0.38715447,0.60433865,0.00000000
0.38715447,0.62322423,0.00000000
0.38715447,0.64210986,0.00000000
0.38715447,0.66099543,0.00000000
0.38715447,0.67988101,0.00000000
0.38715447,0.69876658,0.00000000
0.38715447,0.71765215,0.00000000
0.38715447,0.73653773,0.00000000
0.38715447,0.75542336,0.00000000
0.38715447,0.77430893,0.00000000
0.38715447,0.79319451,0.00000000
0.38715447,0.81208008,0.00000000
0.38715447,0.83096565,0.00000000
0.38715447,0.84985123,0.00000000
0.38715447,0.86873686,0.00000000
0.38715447,0.88762243,0.00000000
0.38715447,0.90650801,0.00000000
0.38715447,0.92539358,0.00000000
0.40509577,0.00000000,0.00011090
0.40509577,0.01888558,0.00011103
0.40509577,0.03777117,0.00011108
0.40509577,0.05665675,0.00011104
0.40509577,0.07554233,0.00011090
0.40509577,0.09442792,0.00011065
0.40509577,0.11331350,0.00011027
0.40509577,0.13219909,0.00010976
0.40509577,0.15108466,0.00010908
0.40509577,0.16997025,0.00010823
0.40509577,0.18885584,0.00010717
0.40509577,0.20774141,0.00010588
0.40509577,0.22662700,0.00010431
0.40509577,0.24551258,0.00010241
0.40509577,0.26439818,0.00010011
0.40509577,0.28328375,0.00009732
0.40509577,0.30216933,0.00009391
0.40509577,0.32105493,0.00008968
0.40509577,0.33994050,0.00008429
0.40509577,0.35882608,0.00007714
0.40509577,0.37771168,0.00006677
0.40509577,0.39659725,0.00004746
0.40509577,0.41548283,0.00000000
0.40509577,0.43436843,0.00000000
0.40509577,0.45325400,0.00000000
0.40509577,0.47213958,0.00000000
0.40509577,0.49102515,0.00000000
0.40509577,0.50991073,0.00000000
0.40509577,0.52879636,0.00000000
0.40509577,0.54768193,0.00000000
0.40509577,0.56656750,0.00000000
0.40509577,0.58545308,0.00000000
0.40509577,0.60433865,0.00000000
0.40509577,0.62322423,0.00000000
0.40509577,0.64210986,0.00000000
0.40509577,0.66099543,0.00000000
0.40509577,0.67988101,0.00000000
0.40509577,0.69876658,0.00000000
0.40509577,0.71765215,0.00000000
0.40509577,0.73653773,0.00000000
0.40509577,0.75542336,0.00000000
0.40509577,0.77430893,0.00000000
0.40509577,0.79319451,0.00000000
0.40509577,0.81208008,0.00000000
0.40509577,0.83096565,0.00000000
0.40509577,0.84985123,0.00000000
0.40509577,0.86873686,0.00000000
0.40509577,0.88762243,0.00000000
0.40509577,0.90650801,0.00000000
0.40509577,0.92539358,0.00000000
0.42303707,0.00000000,0.00011071
0.42303707,0.01888558,0.00011091
0.42303707,0.03777117,0.00011103
0.42303707,0.05665675,0.00011108
0.42303707,0.07554233,0.00011103
0.42303707,0.09442792,0.00011089
0.42303707,0.11331350,0.00011063
0.42303707,0.13219909,0.00011025
0.42303707,0.15108466,0.00010973
0.42303707,0.16997025,0.00010904
0.42303707,0.18885584,0.00010818
0.42303707,0.20774141,0.00010712
0.42303707,0.22662700,0.00010581
0.42303707,0.24551258,0.00010422
0.42303707,0.26439818,0.00010230
0.42303707,0.28328375,0.00009998
0.42303707,0.30216933,0.00009717
0.42303707,0.32105493,0.00009372
0.42303707,0.33994050,0.00008944
0.42303707,0.35882608,0.00008398
0.42303707,0.37771168,0.00007671
0.42303707,0.39659725,0.00006611
0.42303707,0.41548283,0.00004582
0.42303707,0.43436843,0.00000000
0.42303707,0.45325400,0.00000000
0.42303707,0.47213958,0.00000000
0.42303707,0.49102515,0.00000000
0.42303707,0.50991073,0.00000000
0.42303707,0.52879636,0.00000000
0.42303707,0.54768193,0.00000000
0.42303707,0.56656750,0.00000000
0.42303707,0.58545308,0.00000000
0.42303707,0.60433865,0.00000000
0.42303707,0.62322423,0.00000000
0.42303707,0.64210986,0.00000000
0.42303707,0.66099543,0.00000000
0.42303707,0.67988101,0.00000000
0.42303707,0.69876658,0.00000000
0.42303707,0.71765215,0.00000000
0.42303707,0.73653773,0.00000000
0.42303707,0.75542336,0.00000000
0.42303707,0.77430893,0.00000000
0.42303707,0.79319451,0.00000000
0.42303707,0.81208008,0.00000000
0.42303707,0.83096565,0.00000000
0.42303707,0.84985123,0.00000000
0.42303707,0.86873686,0.00000000
0.42303707,0.88762243,0.00000000
0.42303707,0.90650801,0.00000000
0.42303707,0.92539358,0.00000000
0.44097837,0.00000000,0.00011046
0.44097837,0.01888558,0.00011072
0.44097837,0.03777117,0.00011092
0.44097837,0.05665675,0.00011104
0.44097837,0.07554233,0.00011108
0.44097837,0.09442792,0.00011103
0.44097837,0.11331350,0.00011088
0.44097837,0.13219909,0.00011061
0.44097837,0.15108466,0.00011023
0.44097837,0.16997025,0.00010970
0.44097837,0.18885584,0.00010901
0.44097837,0.20774141,0.00010814
0.44097837,0.22662700,0.00010706
0.44097837,0.24551258,0.00010574
0.44097837,0.26439818,0.00010413
0.44097837,0.28328375,0.00010220
0.44097837,0.30216933,0.00009985
0.44097837,0.32105493,0.00009701
0.44097837,0.33994050,0.00009353
0.44097837,0.35882608,0.00008920
0.44097837,0.37771168,0.00008367
0.44097837,0.39659725,0.00007628
0.44097837,0.41548283,0.00006543
0.44097837,0.43436843,0.00004403
0.44097837,0.45325400,0.00000000
0.44097837,0.47213958,0.00000000
0.44097837,0.49102515,0.00000000
0.44097837,0.50991073,0.00000000
0.44097837,0.52879636,0.00000000
0.44097837,0.54768193,0.00000000
0.44097837,0.56656750,0.00000000
0.44097837,0.58545308,0.00000000
0.44097837,0.60433865,0.00000000
0.44097837,0.62322423,0.00000000
0.44097837,0.64210986,0.00000000
0.44097837,0.66099543,0.00000000
0.44097837,0.67988101,0.00000000
0.44097837,0.69876658,0.00000000
0.44097837,0.71765215,0.00000000
0.44097837,0.73653773,0.00000000
0.44097837,0.75542336,0.00000000
0.44097837,0.77430893,0.00000000
0.44097837,0.79319451,0.00000000
0.44097837,0.81208008,0.00000000
0.44097837,0.83096565,0.00000000
0.44097837,0.84985123,0.00000000
0.44097837,0.86873686,0.00000000
0.44097837,0.88762243,0.00000000
0.44097837,0.90650801,0.00000000
0.44097837,0.92539358,0.00000000
0.45891967,0.00000000,0.00011015
0.45891967,0.01888558,0.00011047
0.45891967,0.03777117,0.00011073
0.45891967,0.05665675,0.00011092
0.45891967,0.07554233,0.00011104
0.45891967,0.09442792,0.00011108
0.45891967,0.11331350,0.00011102
0.45891967,0.13219909,0.00011087
0.45891967,0.15108466,0.00011060
0.45891967,0.16997025,0.00011020
0.45891967,0.18885584,0.00010967
0.45891967,0.20774141,0.00010897
0.45891967,0.22662700,0.00010809
0.45891967,0.24551258,0.00010700
0.45891967,0.26439818,0.00010566
0.45891967,0.28328375,0.00010405
0.45891967,0.30216933,0.00010209
0.45891967,0.32105493,0.00009973
0.45891967,0.33994050,0.00009685
0.45891967,0.35882608,0.00009334
0.45891967,0.37771168,0.00008896
0.45891967,0.39659725,0.00008335
0.45891967,0.41548283,0.00007584
0.45891967,0.43436843,0.00006474
0.45891967,0.45325400,0.00004204
0.45891967,0.47213958,0.00000000
0.45891967,0.49102515,0.00000000
0.45891967,0.50991073,0.00000000
0.45891967,0.52879636,0.00000000
0.45891967,0.54768193,0.00000000
0.45891967,0.56656750,0.00000000
0.45891967,0.58545308,0.00000000
0.45891967,0.60433865,0.00000000
0.45891967,0.62322423,0.00000000
0.45891967,0.64210986,0.00000000
0.45891967,0.66099543,0.00000000
0.45891967,0.67988101,0.00000000
0.45891967,0.69876658,0.00000000
0.45891967,0.71765215,0.00000000
0.45891967,0.73653773,0.00000000
0.45891967,0.75542336,0.00000000
0.45891967,0.77430893,0.00000000
0.45891967,0.79319451,0.00000000
0.45891967,0.81208008,0.00000000
0.45891967,0.83096565,0.00000000
0.45891967,0.84985123,0.00000000
0.45891967,0.86873686,0.00000000
0.45891967,0.88762243,0.00000000
0.45891967,0.90650801,0.00000000
0.45891967,0.92539358,0.00000000
0.47686097,0.00000000,0.00010979
0.47686097,0.01888558,0.00011017
0.47686097,0.03777117,0.00011049
0.47686097,0.05665675,0.00011074
0.47686097,0.07554233,0.00011093
0.47686097,0.09442792,0.00011105
0.47686097,0.11331350,0.00011108
0.47686097,0.13219909,0.00011102
0.47686097,0.15108466,0.00011086
0.47686097,0.16997025,0.00011058
0.47686097,0.18885584,0.00011018
0.47686097,0.20774141,0.00010963
0.47686097,0.22662700,0.00010893
0.47686097,0.24551258,0.00010804
0.47686097,0.26439818,0.00010694
0.47686097,0.28328375,0.00010559
0.47686097,0.30216933,0.00010396
0.47686097,0.32105493,0.00010198
0.47686097,0.33994050,0.00009959
0.47686097,0.35882608,0.00009669
0.47686097,0.37771168,0.00009314
0.47686097,0.39659725,0.00008871
0.47686097,0.41548283,0.00008303
0.47686097,0.43436843,0.00007540
0.47686097,0.45325400,0.00006402
0.47686097,0.47213958,0.00003979
0.47686097,0.49102515,0.00000000
0.47686097,0.50991073,0.00000000
0.47686097,0.52879636,0.00000000
0.47686097,0.54768193,0.00000000
0.47686097,0.56656750,0.00000000
0.47686097,0.58545308,0.00000000
0.47686097,0.60433865,0.00000000
0.47686097,0.62322423,0.00000000
0.47686097,0.64210986,0.00000000
0.47686097,0.66099543,0.00000000
0.47686097,0.67988101,0.00000000
0.47686097,0.69876658,0.00000000
0.47686097,0.71765215,0.00000000
0.47686097,0.73653773,0.00000000
0.47686097,0.75542336,0.00000000
0.47686097,0.77430893,0.00000000
0.47686097,0.79319451,0.00000000
0.47686097,0.81208008,0.00000000
0.47686097,0.83096565,0.00000000
0.47686097,0.84985123,0.00000000
0.47686097,0.86873686,0.00000000
0.47686097,0.88762243,0.00000000
0.47686097,0.90650801,0.00000000
0.47686097,0.92539358,0.00000000
0.49480230,0.00000000,0.00010939
0.49480230,0.01888558,0.00010981
0.49480230,0.03777117,0.00011018
0.49480230,0.05665675,0.00011050
0.49480230,0.07554233,0.00011075
0.49480230,0.09442792,0.00011094
0.49480230,0.11331350,0.00011105
0.49480230,0.13219909,0.00011108
0.49480230,0.15108466,0.00011101
0.49480230,0.16997025,0.00011085
0.49480230,0.18885584,0.00011056
0.49480230,0.20774141,0.00011016
0.49480230,0.22662700,0.00010960
0.49480230,0.24551258,0.00010889
0.49480230,0.26439818,0.00010799
0.49480230,0.28328375,0.00010687
0.49480230,0.30216933,0.00010552
0.49480230,0.32105493,0.00010387
0.49480230,0.33994050,0.00010187
0.49480230,0.35882608,0.00009946
0.49480230,0.37771168,0.00009653
0.49480230,0.39659725,0.00009294
0.49480230,0.41548283,0.00008846
0.49480230,0.43436843,0.00008271
0.49480230,0.45325400,0.00007494
0.49480230,0.47213958,0.00006327
0.49480230,0.49102515,0.00003720
0.49480230,0.50991073,0.00000000
0.49480230,0.52879636,0.00000000
0.49480230,0.54768193,0.00000000
0.49480230,0.56656750,0.00000000
0.49480230,0.58545308,0.00000000
0.49480230,0.60433865,0.00000000
0.49480230,0.62322423,0.00000000
0.49480230,0.64210986,0.00000000
0.49480230,0.66099543,0.00000000
0.49480230,0.67988101,0.00000000
0.49480230,0.69876658,0.00000000
0.49480230,0.71765215,0.00000000
0.49480230,0.73653773,0.00000000
0.49480230,0.75542336,0.00000000
0.49480230,0.77430893,0.00000000
0.49480230,0.79319451,0.00000000
0.49480230,0.81208008,0.00000000
0.49480230,0.83096565,0.00000000
0.49480230,0.84985123,0.00000000
0.49480230,0.86873686,0.00000000
0.49480230,0.88762243,0.00000000
0.49480230,0.90650801,0.00000000
0.49480230,0.92539358,0.00000000
0.51274357,0.00000000,0.00010894
0.51274357,0.01888558,0.00010941
0.51274357,0.03777117,0.00010983
0.51274357,0.05665675,0.00011020
0.51274357,0.07554233,0.00011051
0.51274357,0.09442792,0.00011076
0.51274357,0.11331350,0.00011095
0.51274357,0.13219909,0.00011105
0.51274357,0.15108466,0.00011108
0.51274357,0.16997025,0.00011101
0.51274357,0.18885584,0.00011083
0.51274357,0.20774141,0.00011055
0.51274357,0.22662700,0.00011013
0.51274357,0.24551258,0.00010957
0.51274357,0.26439818,0.00010885
0.51274357,0.28328375,0.00010794
0.51274357,0.30216933,0.00010681
0.51274357,0.32105493,0.00010544
0.51274357,0.33994050,0.00010378
0.51274357,0.35882608,0.00010176
0.51274357,0.37771168,0.00009933
0.51274357,0.39659725,0.00009637
0.51274357,0.41548283,0.00009274
0.51274357,0.43436843,0.00008820
0.51274357,0.45325400,0.00008237
0.51274357,0.47213958,0.00007447
0.51274357,0.49102515,0.00006251
0.51274357,0.50991073,0.00003410
0.51274357,0.52879636,0.00000000
0.51274357,0.54768193,0.00000000
0.51274357,0.56656750,0.00000000
0.51274357,0.58545308,0.00000000
0.51274357,0.60433865,0.00000000
0.51274357,0.62322423,0.00000000
0.51274357,0.64210986,0.00000000
0.51274357,0.66099543,0.00000000
0.51274357,0.67988101,0.00000000
0.51274357,0.69876658,0.00000000
0.51274357,0.71765215,0.00000000
0.51274357,0.73653773,0.00000000
0.51274357,0.75542336,0.00000000
0.51274357,0.77430893,0.00000000
0.51274357,0.79319451,0.00000000
0.51274357,0.81208008,0.00000000
0.51274357,0.83096565,0.00000000
0.51274357,0.84985123,0.00000000
0.51274357,0.86873686,0.00000000
0.51274357,0.88762243,0.00000000
0.51274357,0.90650801,0.00000000
0.51274357,0.92539358,0.00000000
0.53068490,0.00000000,0.00010846
0.53068490,0.01888558,0.00010897
0.53068490,0.03777117,0.00010943
0.53068490,0.05665675,0.00010985
0.53068490,0.07554233,0.00011022
0.53068490,0.09442792,0.00011053
0.53068490,0.11331350,0.00011078
0.53068490,0.13219909,0.00011095
0.53068490,0.15108466,0.00011106
0.53068490,0.16997025,0.00011107
0.53068490,0.18885584,0.00011100
0.53068490,0.20774141,0.00011082
0.53068490,0.22662700,0.00011053
0.53068490,0.24551258,0.00011011
0.53068490,0.26439818,0.00010954
0.53068490,0.28328375,0.00010881
0.53068490,0.30216933,0.00010789
0.53068490,0.32105493,0.00010675
0.53068490,0.33994050,0.00010536
0.53068490,0.35882608,0.00010368
0.53068490,0.37771168,0.00010165
0.53068490,0.39659725,0.00009920
0.53068490,0.41548283,0.00009621
0.53068490,0.43436843,0.00009254
0.53068490,0.45325400,0.00008795
0.53068490,0.47213958,0.00008204
0.53068490,0.49102515,0.00007400
0.53068490,0.50991073,0.00006171
0.53068490,0.52879636,0.00003016
0.53068490,0.54768193,0.00000000
0.53068490,0.56656750,0.00000000
0.53068490,0.58545308,0.00000000
0.53068490,0.60433865,0.00000000
0.53068490,0.62322423,0.00000000
0.53068490,0.64210986,0.00000000
0.53068490,0.66099543,0.00000000
0.53068490,0.67988101,0.00000000
0.53068490,0.69876658,0.00000000
0.53068490,0.71765215,0.00000000
0.53068490,0.73653773,0.00000000
0.53068490,0.75542336,0.00000000
0.53068490,0.77430893,0.00000000
0.53068490,0.79319451,0.00000000
0.53068490,0.81208008,0.00000000
0.53068490,0.83096565,0.00000000
0.53068490,0.84985123,0.00000000
0.53068490,0.86873686,0.00000000
0.53068490,0.88762243,0.00000000
0.53068490,0.90650801,0.00000000
0.53068490,0.92539358,0.00000000
0.54862618,0.00000000,0.00010794
0.54862618,0.01888558,0.00010848
0.54862618,0.03777117,0.00010899
0.54862618,0.05665675,0.00010946
0.54862618,0.07554233,0.00010987
0.54862618,0.09442792,0.00011024
0.54862618,0.11331350,0.00011054
0.54862618,0.13219909,0.00011079
0.54862618,0.15108466,0.00011096
0.54862618,0.16997025,0.00011106
0.54862618,0.18885584,0.00011107
0.54862618,0.20774141,0.00011099
0.54862618,0.22662700,0.00011081
0.54862618,0.24551258,0.00011051
0.54862618,0.26439818,0.00011008
0.54862618,0.28328375,0.00010951
0.54862618,0.30216933,0.00010877
0.54862618,0.32105493,0.00010784
0.54862618,0.33994050,0.00010669
0.54862618,0.35882608,0.00010529
0.54862618,0.37771168,0.00010359
0.54862618,0.39659725,0.00010154
0.54862618,0.41548283,0.00009906
0.54862618,0.43436843,0.00009604
0.54862618,0.45325400,0.00009233
0.54862618,0.47213958,0.00008769
0.54862618,0.49102515,0.00008170
0.54862618,0.50991073,0.00007352
0.54862618,0.52879636,0.00006089
0.54862618,0.54768193,0.00002443
0.54862618,0.56656750,0.00000000
0.54862618,0.58545308,0.00000000
0.54862618,0.60433865,0.00000000
0.54862618,0.62322423,0.00000000
0.54862618,0.64210986,0.00000000
0.54862618,0.66099543,0.00000000
0.54862618,0.67988101,0.00000000
0.54862618,0.69876658,0.00000000
0.54862618,0.71765215,0.00000000
0.54862618,0.73653773,0.00000000
0.54862618,0.75542336,0.00000000
0.54862618,0.77430893,0.00000000
0.54862618,0.79319451,0.00000000
0.54862618,0.81208008,0.00000000
0.54862618,0.83096565,0.00000000
0.54862618,0.84985123,0.00000000
0.54862618,0.86873686,0.00000000
0.54862618,0.88762243,0.00000000
0.54862618,0.90650801,0.00000000
0.54862618,0.92539358,0.00000000
0.56656750,0.00000000,0.00010739
0.56656750,0.01888558,0.00010797
0.56656750,0.03777117,0.00010851
0.56656750,0.05665675,0.00010902
0.56656750,0.07554233,0.00010948
0.56656750,0.09442792,0.00010989
0.56656750,0.11331350,0.00011025
0.56656750,0.13219909,0.00011056
0.56656750,0.15108466,0.00011080
0.56656750,0.16997025,0.00011097
0.56656750,0.18885584,0.00011106
0.56656750,0.20774141,0.00011107
0.56656750,0.22662700,0.00011099
0.56656750,0.24551258,0.00011080
0.56656750,0.26439818,0.00011049
0.56656750,0.28328375,0.00011006
0.56656750,0.30216933,0.00010947
0.56656750,0.32105493,0.00010872
0.56656750,0.33994050,0.00010778
0.56656750,0.35882608,0.00010662
0.56656750,0.37771168,0.00010521
0.56656750,0.39659725,0.00010350
0.56656750,0.41548283,0.00010143
0.56656750,0.43436843,0.00009892
0.56656750,0.45325400,0.00009587
0.56656750,0.47213958,0.00009212
0.56656750,0.49102515,0.00008743
0.56656750,0.50991073,0.00008135
0.56656750,0.52879636,0.00007302
0.56656750,0.54768193,0.00006004
0.56656750,0.56656750,0.00000000
0.56656750,0.58545308,0.00000000
0.56656750,0.60433865,0.00000000
0.56656750,0.62322423,0.00000000
0.56656750,0.64210986,0.00000000
0.56656750,0.66099543,0.00000000
0.56656750,0.67988101,0.00000000
0.56656750,0.69876658,0.00000000
0.56656750,0.71765215,0.00000000
0.56656750,0.73653773,0.00000000
0.56656750,0.75542336,0.00000000
0.56656750,0.77430893,0.00000000
0.56656750,0.79319451,0.00000000
0.56656750,0.81208008,0.00000000
0.56656750,0.83096565,0.00000000
0.56656750,0.84985123,0.00000000
0.56656750,0.86873686,0.00000000
0.56656750,0.88762243,0.00000000
0.56656750,0.90650801,0.00000000
0.56656750,0.92539358,0.00000000
0.58450878,0.00000000,0.00010680
0.58450878,0.01888558,0.00010742
0.58450878,0.03777117,0.00010799
0.58450878,0.05665675,0.00010854
0.58450878,0.07554233,0.00010904
0.58450878,0.09442792,0.00010950
0.58450878,0.11331350,0.00010991
0.58450878,0.13219909,0.00011027
0.58450878,0.15108466,0.00011057
0.58450878,0.16997025,0.00011081
0.58450878,0.18885584,0.00011097
0.58450878,0.20774141,0.00011106
0.58450878,0.22662700,0.00011107
0.58450878,0.24551258,0.00011098
0.58450878,0.26439818,0.00011079
0.58450878,0.28328375,0.00011047
0.58450878,0.30216933,0.00011003
0.58450878,0.32105493,0.00010944
0.58450878,0.33994050,0.00010868
0.58450878,0.35882608,0.00010773
0.58450878,0.37771168,0.00010656
0.58450878,0.39659725,0.00010513
0.58450878,0.41548283,0.00010340
0.58450878,0.43436843,0.00010131
0.58450878,0.45325400,0.00009878
0.58450878,0.47213958,0.00009571
0.58450878,0.49102515,0.00009191
0.58450878,0.50991073,0.00008716
0.58450878,0.52879636,0.00008100
0.58450878,0.54768193,0.00007252
0.58450878,0.56656750,0.00005915
0.58450878,0.58545308,0.00000000
0.58450878,0.60433865,0.00000000
0.58450878,0.62322423,0.00000000
0.58450878,0.64210986,0.00000000
0.58450878,0.66099543,0.00000000
0.58450878,0.67988101,0.00000000
0.58450878,0.69876658,0.00000000
0.58450878,0.71765215,0.00000000
0.58450878,0.73653773,0.00000000
0.58450878,0.75542336,0.00000000
0.58450878,0.77430893,0.00000000
0.58450878,0.79319451,0.00000000
0.58450878,0.81208008,0.00000000
0.58450878,0.83096565,0.00000000
0.58450878,0.84985123,0.00000000
0.58450878,0.86873686,0.00000000
0.58450878,0.88762243,0.00000000
0.58450878,0.90650801,0.00000000
0.58450878,0.92539358,0.00000000
0.60245011,0.00000000,0.00010619
0.60245011,0.01888558,0.00010683
0.60245011,0.03777117,0.00010745
0.60245011,0.05665675,0.00010802
0.60245011,0.07554233,0.00010856
0.60245011,0.09442792,0.00010906
0.60245011,0.11331350,0.00010952
0.60245011,0.13219909,0.00010993
0.60245011,0.15108466,0.00011029
0.60245011,0.16997025,0.00011058
0.60245011,0.18885584,0.00011082
0.60245011,0.20774141,0.00011098
0.60245011,0.22662700,0.00011107
0.60245011,0.24551258,0.00011107
0.60245011,0.26439818,0.00011097
0.60245011,0.28328375,0.00011077
0.60245011,0.30216933,0.00011046
0.60245011,0.32105493,0.00011001
0.60245011,0.33994050,0.00010941
0.60245011,0.35882608,0.00010864
0.60245011,0.37771168,0.00010768
0.60245011,0.39659725,0.00010649
0.60245011,0.41548283,0.00010505
0.60245011,0.43436843,0.00010331
0.60245011,0.45325400,0.00010120
0.60245011,0.47213958,0.00009864
0.60245011,0.49102515,0.00009553
0.60245011,0.50991073,0.00009170
0.60245011,0.52879636,0.00008689
0.60245011,0.54768193,0.00008064
0.60245011,0.56656750,0.00007200
0.60245011,0.58545308,0.00005823
0.60245011,0.60433865,0.00000000
0.60245011,0.62322423,0.00000000
0.60245011,0.64210986,0.00000000
0.60245011,0.66099543,0.00000000
0.60245011,0.67988101,0.00000000
0.60245011,0.69876658,0.00000000
0.60245011,0.71765215,0.00000000
0.60245011,0.73653773,0.00000000
0.60245011,0.75542336,0.00000000
0.60245011,0.77430893,0.00000000
0.60245011,0.79319451,0.00000000
0.60245011,0.81208008,0.00000000
0.60245011,0.83096565,0.00000000
0.60245011,0.84985123,0.00000000
0.60245011,0.86873686,0.00000000
0.60245011,0.88762243,0.00000000
0.60245011,0.90650801,0.00000000
0.60245011,0.92539358,0.00000000
0.62039144,0.00000000,0.00010556
0.62039144,0.01888558,0.00010623
0.62039144,0.03777117,0.00010687
0.62039144,0.05665675,0.00010748
0.62039144,0.07554233,0.00010805
0.62039144,0.09442792,0.00010859
0.62039144,0.11331350,0.00010909
0.62039144,0.13219909,0.00010954
0.62039144,0.15108466,0.00010995
0.62039144,0.16997025,0.00011030
0.62039144,0.18885584,0.00011060
0.62039144,0.20774141,0.00011083
0.62039144,0.22662700,0.00011099
0.62039144,0.24551258,0.00011107
0.62039144,0.26439818,0.00011107
0.62039144,0.28328375,0.00011097
0.62039144,0.30216933,0.00011076
0.62039144,0.32105493,0.00011044
0.62039144,0.33994050,0.00010998
0.62039144,0.35882608,0.00010937
0.62039144,0.37771168,0.00010860
0.62039144,0.39659725,0.00010762
0.62039144,0.41548283,0.00010643
0.62039144,0.43436843,0.00010497
0.62039144,0.45325400,0.00010321
0.62039144,0.47213958,0.00010108
0.62039144,0.49102515,0.00009850
0.62039144,0.50991073,0.00009536
0.62039144,0.52879636,0.00009149
0.62039144,0.54768193,0.00008662
0.62039144,0.56656750,0.00008027
0.62039144,0.58545308,0.00007147
0.62039144,0.60433865,0.00005727
0.62039144,0.62322423,0.00000000
0.62039144,0.64210986,0.00000000
0.62039144,0.66099543,0.00000000
0.62039144,0.67988101,0.00000000
0.62039144,0.69876658,0.00000000
0.62039144,0.71765215,0.00000000
0.62039144,0.73653773,0.00000000
0.62039144,0.75542336,0.00000000
0.62039144,0.77430893,0.00000000
0.62039144,0.79319451,0.00000000
0.62039144,0.81208008,0.00000000
0.62039144,0.83096565,0.00000000
0.62039144,0.84985123,0.00000000
0.62039144,0.86873686,0.00000000
0.62039144,0.88762243,0.00000000
0.62039144,0.90650801,0.00000000
0.62039144,0.92539358,0.00000000
0.63833271,0.00000000,0.00010490
0.63833271,0.01888558,0.00010559
0.63833271,0.03777117,0.00010626
0.63833271,0.05665675,0.00010690
0.63833271,0.07554233,0.00010750
0.63833271,0.09442792,0.00010808
0.63833271,0.11331350,0.00010862
0.63833271,0.13219909,0.00010911
0.63833271,0.15108466,0.00010956
0.63833271,0.16997025,0.00010997
0.63833271,0.18885584,0.00011032
0.63833271,0.20774141,0.00011061
0.63833271,0.22662700,0.00011084
0.63833271,0.24551258,0.00011099
0.63833271,0.26439818,0.00011107
0.63833271,0.28328375,0.00011106
0.63833271,0.30216933,0.00011096
0.63833271,0.32105493,0.00011075
0.63833271,0.33994050,0.00011042
0.63833271,0.35882608,0.00010995
0.63833271,0.37771168,0.00010934
0.63833271,0.39659725,0.00010855
0.63833271,0.41548283,0.00010757
0.63833271,0.43436843,0.00010636
0.63833271,0.45325400,0.00010489
0.63833271,0.47213958,0.00010311
0.63833271,0.49102515,0.00010096
0.63833271,0.50991073,0.00009836
0.63833271,0.52879636,0.00009519
0.63833271,0.54768193,0.00009127
0.63833271,0.56656750,0.00008634
0.63833271,0.58545308,0.00007990
0.63833271,0.60433865,0.00007093
0.63833271,0.62322423,0.00005626
0.63833271,0.64210986,0.00000000
0.63833271,0.66099543,0.00000000
0.63833271,0.67988101,0.00000000
0.63833271,0.69876658,0.00000000
0.63833271,0.71765215,0.00000000
0.63833271,0.73653773,0.00000000
0.63833271,0.75542336,0.00000000
0.63833271,0.77430893,0.00000000
0.63833271,0.79319451,0.00000000
0.63833271,0.81208008,0.00000000
0.63833271,0.83096565,0.00000000
0.63833271,0.84985123,0.00000000
0.63833271,0.86873686,0.00000000
0.63833271,0.88762243,0.00000000
0.63833271,0.90650801,0.00000000
0.63833271,0.92539358,0.00000000
0.65627404,0.00000000,0.00010422
0.65627404,0.01888558,0.00010494
0.65627404,0.03777117,0.00010563
0.65627404,0.05665675,0.00010629
0.65627404,0.07554233,0.00010693
0.65627404,0.09442792,0.00010753
0.65627404,0.11331350,0.00010811
0.65627404,0.13219909,0.00010864
0.65627404,0.15108466,0.00010914
0.65627404,0.16997025,0.00010959
0.65627404,0.18885584,0.00010999
0.65627404,0.20774141,0.00011033
0.65627404,0.22662700,0.00011062
0.65627404,0.24551258,0.00011085
0.65627404,0.26439818,0.00011100
0.65627404,0.28328375,0.00011107
0.65627404,0.30216933,0.00011106
0.65627404,0.32105493,0.00011095
0.65627404,0.33994050,0.00011073
0.65627404,0.35882608,0.00011040
0.65627404,0.37771168,0.00010993
0.65627404,0.39659725,0.00010930
0.65627404,0.41548283,0.00010851
0.65627404,0.43436843,0.00010752
0.65627404,0.45325400,0.00010630
0.65627404,0.47213958,0.00010481
0.65627404,0.49102515,0.00010302
0.65627404,0.50991073,0.00010085
0.65627404,0.52879636,0.00009822
0.65627404,0.54768193,0.00009501
0.65627404,0.56656750,0.00009105
0.65627404,0.58545308,0.00008606
0.65627404,0.60433865,0.00007953
0.65627404,0.62322423,0.00007038
0.65627404,0.64210986,0.00005521
0.65627404,0.66099543,0.00000000
0.65627404,0.67988101,0.00000000
0.65627404,0.69876658,0.00000000
0.65627404,0.71765215,0.00000000
0.65627404,0.73653773,0.00000000
0.65627404,0.75542336,0.00000000
0.65627404,0.77430893,0.00000000
0.65627404,0.79319451,0.00000000
0.65627404,0.81208008,0.00000000
0.65627404,0.83096565,0.00000000
0.65627404,0.84985123,0.00000000
0.65627404,0.86873686,0.00000000
0.65627404,0.88762243,0.00000000
0.65627404,0.90650801,0.00000000
0.65627404,0.92539358,0.00000000
0.67421531,0.00000000,0.00010352
0.67421531,0.01888558,0.00010426
0.67421531,0.03777117,0.00010497
0.67421531,0.05665675,0.00010566
0.67421531,0.07554233,0.00010632
0.67421531,0.09442792,0.00010696
0.67421531,0.11331350,0.00010756
0.67421531,0.13219909,0.00010813
0.67421531,0.15108466,0.00010867
0.67421531,0.16997025,0.00010916
0.67421531,0.18885584,0.00010961
0.67421531,0.20774141,0.00011000
0.67421531,0.22662700,0.00011035
0.67421531,0.24551258,0.00011064
0.67421531,0.26439818,0.00011086
0.67421531,0.28328375,0.00011100
0.67421531,0.30216933,0.00011107
0.67421531,0.32105493,0.00011106
0.67421531,0.33994050,0.00011094
0.67421531,0.35882608,0.00011072
0.67421531,0.37771168,0.00011038
0.67421531,0.39659725,0.00010990
0.67421531,0.41548283,0.00010927
0.67421531,0.43436843,0.00010846
0.67421531,0.45325400,0.00010746
0.67421531,0.47213958,0.00010623
0.67421531,0.49102515,0.00010473
0.67421531,0.50991073,0.00010292
0.67421531,0.52879636,0.00010073
0.67421531,0.54768193,0.00009807
0.67421531,0.56656750,0.00009483
0.67421531,0.58545308,0.00009083
0.67421531,0.60433865,0.00008577
0.67421531,0.62322423,0.00007915
0.67421531,0.64210986,0.00006982
0.67421531,0.66099543,0.00005410
0.67421531,0.67988101,0.00000000
0.67421531,0.69876658,0.00000000
0.67421531,0.71765215,0.00000000
0.67421531,0.73653773,0.00000000
0.67421531,0.75542336,0.00000000
0.67421531,0.77430893,0.00000000
0.67421531,0.79319451,0.00000000
0.67421531,0.81208008,0.00000000
0.67421531,0.83096565,0.00000000
0.67421531,0.84985123,0.00000000
0.67421531,0.86873686,0.00000000
0.67421531,0.88762243,0.00000000
0.67421531,0.90650801,0.00000000
0.67421531,0.92539358,0.00000000
0.69215664,0.00000000,0.00010281
0.69215664,0.01888558,0.00010356
0.69215664,0.03777117,0.00010429
0.69215664,0.05665675,0.00010501
0.69215664,0.07554233,0.00010569
0.69215664,0.09442792,0.00010636
0.69215664,0.11331350,0.00010699
0.69215664,0.13219909,0.00010759
0.69215664,0.15108466,0.00010816
0.69215664,0.16997025,0.00010869
0.69215664,0.18885584,0.00010918
0.69215664,0.20774141,0.00010963
0.69215664,0.22662700,0.00011002
0.69215664,0.24551258,0.00011037
0.69215664,0.26439818,0.00011065
0.69215664,0.28328375,0.00011086
0.69215664,0.30216933,0.00011101
0.69215664,0.32105493,0.00011108
0.69215664,0.33994050,0.00011105
0.69215664,0.35882608,0.00011093
0.69215664,0.37771168,0.00011071
0.69215664,0.39659725,0.00011036
0.69215664,0.41548283,0.00010987
0.69215664,0.43436843,0.00010923
0.69215664,0.45325400,0.00010842
0.69215664,0.47213958,0.00010740
0.69215664,0.49102515,0.00010616
0.69215664,0.50991073,0.00010465
0.69215664,0.52879636,0.00010282
0.69215664,0.54768193,0.00010061
0.69215664,0.56656750,0.00009792
0.69215664,0.58545308,0.00009465
0.69215664,0.60433865,0.00009060
0.69215664,0.62322423,0.00008549
0.69215664,0.64210986,0.00007876
0.69215664,0.66099543,0.00006924
0.69215664,0.67988101,0.00005293
0.69215664,0.69876658,0.00000000
0.69215664,0.71765215,0.00000000
0.69215664,0.73653773,0.00000000
0.69215664,0.75542336,0.00000000
0.69215664,0.77430893,0.00000000
0.69215664,0.79319451,0.00000000
0.69215664,0.81208008,0.00000000
0.69215664,0.83096565,0.00000000
0.69215664,0.84985123,0.00000000
0.69215664,0.86873686,0.00000000
0.69215664,0.88762243,0.00000000
0.69215664,0.90650801,0.00000000
0.69215664,0.92539358,0.00000000
0.71009791,0.00000000,0.00010208
0.71009791,0.01888558,0.00010285
0.71009791,0.03777117,0.00010360
0.71009791,0.05665675,0.00010433
0.71009791,0.07554233,0.00010504
0.71009791,0.09442792,0.00010573
0.71009791,0.11331350,0.00010639
0.71009791,0.13219909,0.00010702
0.71009791,0.15108466,0.00010762
0.71009791,0.16997025,0.00010819
0.71009791,0.18885584,0.00010872
0.71009791,0.20774141,0.00010921
0.71009791,0.22662700,0.00010965
0.71009791,0.24551258,0.00011004
0.71009791,0.26439818,0.00011038
0.71009791,0.28328375,0.00011066
0.71009791,0.30216933,0.00011087
0.71009791,0.32105493,0.00011102
0.71009791,0.33994050,0.00011108
0.71009791,0.35882608,0.00011105
0.71009791,0.37771168,0.00011092
0.71009791,0.39659725,0.00011069
0.71009791,0.41548283,0.00011034
0.71009791,0.43436843,0.00010984
0.71009791,0.45325400,0.00010919
0.71009791,0.47213958,0.00010837
0.71009791,0.49102515,0.00010735
0.71009791,0.50991073,0.00010609
0.71009791,0.52879636,0.00010456
0.71009791,0.54768193,0.00010272
0.71009791,0.56656750,0.00010048
0.71009791,0.58545308,0.00009778
0.71009791,0.60433865,0.00009447
0.71009791,0.62322423,0.00009038
0.71009791,0.64210986,0.00008519
0.71009791,0.66099543,0.00007836
0.71009791,0.67988101,0.00006864
0.71009791,0.69876658,0.00005170
0.71009791,0.71765215,0.00000000
0.71009791,0.73653773,0.00000000
0.71009791,0.75542336,0.00000000
0.71009791,0.77430893,0.00000000
0.71009791,0.79319451,0.00000000
0.71009791,0.81208008,0.00000000
0.71009791,0.83096565,0.00000000
0.71009791,0.84985123,0.00000000
0.71009791,0.86873686,0.00000000
0.71009791,0.88762243,0.00000000
0.71009791,0.90650801,0.00000000
0.71009791,0.92539358,0.00000000
0.72803924,0.00000000,0.00010133
0.72803924,0.01888558,0.00010211
0.72803924,0.03777117,0.00010288
0.72803924,0.05665675,0.00010363
0.72803924,0.07554233,0.00010437
0.72803924,0.09442792,0.00010508
0.72803924,0.11331350,0.00010576
0.72803924,0.13219909,0.00010642
0.72803924,0.15108466,0.00010705
0.72803924,0.16997025,0.00010765
0.72803924,0.18885584,0.00010822
0.72803924,0.20774141,0.00010874
0.72803924,0.22662700,0.00010923
0.72803924,0.24551258,0.00010967
0.72803924,0.26439818,0.00011006
0.72803924,0.28328375,0.00011040
0.72803924,0.30216933,0.00011067
0.72803924,0.32105493,0.00011088
0.72803924,0.33994050,0.00011102
0.72803924,0.35882608,0.00011108
0.72803924,0.37771168,0.00011105
0.72803924,0.39659725,0.00011092
0.72803924,0.41548283,0.00011068
0.72803924,0.43436843,0.00011031
0.72803924,0.45325400,0.00010981
0.72803924,0.47213958,0.00010916
0.72803924,0.49102515,0.00010833
0.72803924,0.50991073,0.00010729
0.72803924,0.52879636,0.00010602
0.72803924,0.54768193,0.00010448
0.72803924,0.56656750,0.00010261
0.72803924,0.58545308,0.00010036
0.72803924,0.60433865,0.00009763
0.72803924,0.62322423,0.00009429
0.72803924,0.64210986,0.00009015
0.72803924,0.66099543,0.00008490
0.72803924,0.67988101,0.00007796
0.72803924,0.69876658,0.00006804
0.72803924,0.71765215,0.00005038
0.72803924,0.73653773,0.00000000
0.72803924,0.75542336,0.00000000
0.72803924,0.77430893,0.00000000
0.72803924,0.79319451,0.00000000
0.72803924,0.81208008,0.00000000
0.72803924,0.83096565,0.00000000
0.72803924,0.84985123,0.00000000
0.72803924,0.86873686,0.00000000
0.72803924,0.88762243,0.00000000
0.72803924,0.90650801,0.00000000
0.72803924,0.92539358,0.00000000
0.74598052,0.00000000,0.00010057
0.74598052,0.01888558,0.00010137
0.74598052,0.03777117,0.00010215
0.74598052,0.05665675,0.00010292
0.74598052,0.07554233,0.00010367
0.74598052,0.09442792,0.00010440
0.74598052,0.11331350,0.00010511
0.74598052,0.13219909,0.00010580
0.74598052,0.15108466,0.00010645
0.74598052,0.16997025,0.00010708
0.74598052,0.18885584,0.00010768
0.74598052,0.20774141,0.00010824
0.74598052,0.22662700,0.00010877
0.74598052,0.24551258,0.00010925
0.74598052,0.26439818,0.00010969
0.74598052,0.28328375,0.00011008
0.74598052,0.30216933,0.00011041
0.74598052,0.32105493,0.00011068
0.74598052,0.33994050,0.00011089
0.74598052,0.35882608,0.00011102
0.74598052,0.37771168,0.00011108
0.74598052,0.39659725,0.00011104
0.74598052,0.41548283,0.00011091
0.74598052,0.43436843,0.00011066
0.74598052,0.45325400,0.00011029
0.74598052,0.47213958,0.00010978
0.74598052,0.49102515,0.00010912
0.74598052,0.50991073,0.00010828
0.74598052,0.52879636,0.00010723
0.74598052,0.54768193,0.00010595
0.74598052,0.56656750,0.00010439
0.74598052,0.58545308,0.00010251
0.74598052,0.60433865,0.00010024
0.74598052,0.62322423,0.00009747
0.74598052,0.64210986,0.00009410
0.74598052,0.66099543,0.00008991
0.74598052,0.67988101,0.00008460
0.74598052,0.69876658,0.00007755
0.74598052,0.71765215,0.00006741
0.74598052,0.73653773,0.00004898
0.74598052,0.75542336,0.00000000
0.74598052,0.77430893,0.00000000
0.74598052,0.79319451,0.00000000
0.74598052,0.81208008,0.00000000
0.74598052,0.83096565,0.00000000
0.74598052,0.84985123,0.00000000
0.74598052,0.86873686,0.00000000
0.74598052,0.88762243,0.00000000
0.74598052,0.90650801,0.00000000
0.74598052,0.92539358,0.00000000
0.76392184,0.00000000,0.00009980
0.76392184,0.01888558,0.00010061
0.76392184,0.03777117,0.00010141
0.76392184,0.05665675,0.00010219
0.76392184,0.07554233,0.00010296
0.76392184,0.09442792,0.00010371
0.76392184,0.11331350,0.00010444
0.76392184,0.13219909,0.00010515
0.76392184,0.15108466,0.00010583
0.76392184,0.16997025,0.00010649
0.76392184,0.18885584,0.00010711
0.76392184,0.20774141,0.00010771
0.76392184,0.22662700,0.00010827
0.76392184,0.24551258,0.00010879
0.76392184,0.26439818,0.00010928
0.76392184,0.28328375,0.00010971
0.76392184,0.30216933,0.00011010
0.76392184,0.32105493,0.00011043
0.76392184,0.33994050,0.00011070
0.76392184,0.35882608,0.00011090
0.76392184,0.37771168,0.00011103
0.76392184,0.39659725,0.00011108
0.76392184,0.41548283,0.00011104
0.76392184,0.43436843,0.00011090
0.76392184,0.45325400,0.00011065
0.76392184,0.47213958,0.00011027
0.76392184,0.49102515,0.00010976
0.76392184,0.50991073,0.00010908
0.76392184,0.52879636,0.00010823
0.76392184,0.54768193,0.00010717
0.76392184,0.56656750,0.00010588
0.76392184,0.58545308,0.00010431
0.76392184,0.60433865,0.00010241
0.76392184,0.62322423,0.00010011
0.76392184,0.64210986,0.00009732
0.76392184,0.66099543,0.00009391
0.76392184,0.67988101,0.00008968
0.76392184,0.69876658,0.00008429
0.76392184,0.71765215,0.00007714
0.76392184,0.73653773,0.00006677
0.76392184,0.75542336,0.00004746
0.76392184,0.77430893,0.00000000
0.76392184,0.79319451,0.00000000
0.76392184,0.81208008,0.00000000
0.76392184,0.83096565,0.00000000
0.76392184,0.84985123,0.00000000
0.76392184,0.86873686,0.00000000
0.76392184,0.88762243,0.00000000
0.76392184,0.90650801,0.00000000
0.76392184,0.92539358,0.00000000
0.78186317,0.00000000,0.00009902
0.78186317,0.01888558,0.00009984
0.78186317,0.03777117,0.00010065
0.78186317,0.05665675,0.00010145
0.78186317,0.07554233,0.00010223
0.78186317,0.09442792,0.00010300
0.78186317,0.11331350,0.00010375
0.78186317,0.13219909,0.00010447
0.78186317,0.15108466,0.00010518
0.78186317,0.16997025,0.00010586
0.78186317,0.18885584,0.00010652
0.78186317,0.20774141,0.00010714
0.78186317,0.22662700,0.00010774
0.78186317,0.24551258,0.00010830
0.78186317,0.26439818,0.00010882
0.78186317,0.28328375,0.00010930
0.78186317,0.30216933,0.00010973
0.78186317,0.32105493,0.00011011
0.78186317,0.33994050,0.00011044
0.78186317,0.35882608,0.00011071
0.78186317,0.37771168,0.00011091
0.78186317,0.39659725,0.00011103
0.78186317,0.41548283,0.00011108
0.78186317,0.43436843,0.00011103
0.78186317,0.45325400,0.00011089
0.78186317,0.47213958,0.00011063
0.78186317,0.49102515,0.00011025
0.78186317,0.50991073,0.00010973
0.78186317,0.52879636,0.00010904
0.78186317,0.54768193,0.00010818
0.78186317,0.56656750,0.00010712
0.78186317,0.58545308,0.00010581
0.78186317,0.60433865,0.00010422
0.78186317,0.62322423,0.00010230
0.78186317,0.64210986,0.00009998
0.78186317,0.66099543,0.00009717
0.78186317,0.67988101,0.00009372
0.78186317,0.69876658,0.00008944
0.78186317,0.71765215,0.00008398
0.78186317,0.73653773,0.00007671
0.78186317,0.75542336,0.00006611
0.78186317,0.77430893,0.00004582
0.78186317,0.79319451,0.00000000
0.78186317,0.81208008,0.00000000
0.78186317,0.83096565,0.00000000
0.78186317,0.84985123,0.00000000
0.78186317,0.86873686,0.00000000
0.78186317,0.88762243,0.00000000
0.78186317,0.90650801,0.00000000
0.78186317,0.92539358,0.00000000
0.79980445,0.00000000,0.00009822
0.79980445,0.01888558,0.00009906
0.79980445,0.03777117,0.00009988
0.79980445,0.05665675,0.00010069
0.79980445,0.07554233,0.00010149
0.79980445,0.09442792,0.00010227
0.79980445,0.11331350,0.00010304
0.79980445,0.13219909,0.00010378
0.79980445,0.15108466,0.00010451
0.79980445,0.16997025,0.00010522
0.79980445,0.18885584,0.00010590
0.79980445,0.20774141,0.00010655
0.79980445,0.22662700,0.00010717
0.79980445,0.24551258,0.00010777
0.79980445,0.26439818,0.00010832
0.79980445,0.28328375,0.00010884
0.79980445,0.30216933,0.00010932
0.79980445,0.32105493,0.00010975
0.79980445,0.33994050,0.00011013
0.79980445,0.35882608,0.00011046
0.79980445,0.37771168,0.00011072
0.79980445,0.39659725,0.00011092
0.79980445,0.41548283,0.00011104
0.79980445,0.43436843,0.00011108
0.79980445,0.45325400,0.00011103
0.79980445,0.47213958,0.00011088
0.79980445,0.49102515,0.00011061
0.79980445,0.50991073,0.00011023
0.79980445,0.52879636,0.00010970
0.79980445,0.54768193,0.00010901
0.79980445,0.56656750,0.00010814
0.79980445,0.58545308,0.00010706
0.79980445,0.60433865,0.00010574
0.79980445,0.62322423,0.00010413
0.79980445,0.64210986,0.00010220
0.79980445,0.66099543,0.00009985
0.79980445,0.67988101,0.00009701
0.79980445,0.69876658,0.00009353
0.79980445,0.71765215,0.00008920
0.79980445,0.73653773,0.00008367
0.79980445,0.75542336,0.00007628
0.79980445,0.77430893,0.00006543
0.79980445,0.79319451,0.00004403
0.79980445,0.81208008,0.00000000
0.79980445,0.83096565,0.00000000
0.79980445,0.84985123,0.00000000
0.79980445,0.86873686,0.00000000
0.79980445,0.88762243,0.00000000
0.79980445,0.90650801,0.00000000
0.79980445,0.92539358,0.00000000
0.81774577,0.00000000,0.00009742
0.81774577,0.01888558,0.00009827
0.81774577,0.03777117,0.00009910
0.81774577,0.05665675,0.00009992
0.81774577,0.07554233,0.00010073
0.81774577,0.09442792,0.00010153
0.81774577,0.11331350,0.00010231
0.81774577,0.13219909,0.00010307
0.81774577,0.15108466,0.00010382
0.81774577,0.16997025,0.00010455
0.81774577,0.18885584,0.00010525
0.81774577,0.20774141,0.00010593
0.81774577,0.22662700,0.00010658
0.81774577,0.24551258,0.00010721
0.81774577,0.26439818,0.00010780
0.81774577,0.28328375,0.00010835
0.81774577,0.30216933,0.00010887
0.81774577,0.32105493,0.00010934
0.81774577,0.33994050,0.00010977
0.81774577,0.35882608,0.00011015
0.81774577,0.37771168,0.00011047
0.81774577,0.39659725,0.00011073
0.81774577,0.41548283,0.00011092
0.81774577,0.43436843,0.00011104
0.81774577,0.45325400,0.00011108
0.81774577,0.47213958,0.00011102
0.81774577,0.49102515,0.00011087
0.81774577,0.50991073,0.00011060
0.81774577,0.52879636,0.00011020
0.81774577,0.54768193,0.00010967
0.81774577,0.56656750,0.00010897
0.81774577,0.58545308,0.00010809
0.81774577,0.60433865,0.00010700
0.81774577,0.62322423,0.00010566
0.81774577,0.64210986,0.00010405
0.81774577,0.66099543,0.00010209
0.81774577,0.67988101,0.00009973
0.81774577,0.69876658,0.00009685
0.81774577,0.71765215,0.00009334
0.81774577,0.73653773,0.00008896
0.81774577,0.75542336,0.00008335
0.81774577,0.77430893,0.00007584
0.81774577,0.79319451,0.00006474
0.81774577,0.81208008,0.00004204
0.81774577,0.83096565,0.00000000
0.81774577,0.84985123,0.00000000
0.81774577,0.86873686,0.00000000
0.81774577,0.88762243,0.00000000
0.81774577,0.90650801,0.00000000
0.81774577,0.92539358,0.00000000
0.83568705,0.00000000,0.00009662
0.83568705,0.01888558,0.00009747
0.83568705,0.03777117,0.00009831
0.83568705,0.05665675,0.00009914
0.83568705,0.07554233,0.00009996
0.83568705,0.09442792,0.00010077
0.83568705,0.11331350,0.00010157
0.83568705,0.13219909,0.00010235
0.83568705,0.15108466,0.00010311
0.83568705,0.16997025,0.00010386
0.83568705,0.18885584,0.00010458
0.83568705,0.20774141,0.00010528
0.83568705,0.22662700,0.00010596
0.83568705,0.24551258,0.00010661
0.83568705,0.26439818,0.00010724
0.83568705,0.28328375,0.00010782
0.83568705,0.30216933,0.00010838
0.83568705,0.32105493,0.00010889
0.83568705,0.33994050,0.00010937
0.83568705,0.35882608,0.00010979
0.83568705,0.37771168,0.00011017
0.83568705,0.39659725,0.00011049
0.83568705,0.41548283,0.00011074
0.83568705,0.43436843,0.00011093
0.83568705,0.45325400,0.00011105
0.83568705,0.47213958,0.00011108
0.83568705,0.49102515,0.00011102
0.83568705,0.50991073,0.00011086
0.83568705,0.52879636,0.00011058
0.83568705,0.54768193,0.00011018
0.83568705,0.56656750,0.00010963
0.83568705,0.58545308,0.00010893
0.83568705,0.60433865,0.00010804
0.83568705,0.62322423,0.00010694
0.83568705,0.64210986,0.00010559
0.83568705,0.66099543,0.00010396
0.83568705,0.67988101,0.00010198
0.83568705,0.69876658,0.00009959
0.83568705,0.71765215,0.00009669
0.83568705,0.73653773,0.00009314
0.83568705,0.75542336,0.00008871
0.83568705,0.77430893,0.00008303
0.83568705,0.79319451,0.00007540
0.83568705,0.81208008,0.00006402
0.83568705,0.83096565,0.00003979
0.83568705,0.84985123,0.00000000
0.83568705,0.86873686,0.00000000
0.83568705,0.88762243,0.00000000
0.83568705,0.90650801,0.00000000
0.83568705,0.92539358,0.00000000
0.85362838,0.00000000,0.00009580
0.85362838,0.01888558,0.00009666
0.85362838,0.03777117,0.00009751
0.85362838,0.05665675,0.00009835
0.85362838,0.07554233,0.00009918
0.85362838,0.09442792,0.00010000
0.85362838,0.11331350,0.00010081
0.85362838,0.13219909,0.00010161
0.85362838,0.15108466,0.00010239
0.85362838,0.16997025,0.00010315
0.85362838,0.18885584,0.00010389
0.85362838,0.20774141,0.00010462
0.85362838,0.22662700,0.00010532
0.85362838,0.24551258,0.00010600
0.85362838,0.26439818,0.00010665
0.85362838,0.28328375,0.00010727
0.85362838,0.30216933,0.00010785
0.85362838,0.32105493,0.00010841
0.85362838,0.33994050,0.00010892
0.85362838,0.35882608,0.00010939
0.85362838,0.37771168,0.00010981
0.85362838,0.39659725,0.00011018
0.85362838,0.41548283,0.00011050
0.85362838,0.43436843,0.00011075
0.85362838,0.45325400,0.00011094
0.85362838,0.47213958,0.00011105
0.85362838,0.49102515,0.00011108
0.85362838,0.50991073,0.00011101
0.85362838,0.52879636,0.00011085
0.85362838,0.54768193,0.00011056
0.85362838,0.56656750,0.00011016
0.85362838,0.58545308,0.00010960
0.85362838,0.60433865,0.00010889
0.85362838,0.62322423,0.00010799
0.85362838,0.64210986,0.00010687
0.85362838,0.66099543,0.00010552
0.85362838,0.67988101,0.00010387
0.85362838,0.69876658,0.00010187
0.85362838,0.71765215,0.00009946
0.85362838,0.73653773,0.00009653
0.85362838,0.75542336,0.00009294
0.85362838,0.77430893,0.00008846
0.85362838,0.79319451,0.00008271
0.85362838,0.81208008,0.00007494
0.85362838,0.83096565,0.00006327
0.85362838,0.84985123,0.00003720
0.85362838,0.86873686,0.00000000
0.85362838,0.88762243,0.00000000
0.85362838,0.90650801,0.00000000
0.85362838,0.92539358,0.00000000
0.87156965,0.00000000,0.00009498
0.87156965,0.01888558,0.00009584
0.87156965,0.03777117,0.00009670
0.87156965,0.05665675,0.00009755
0.87156965,0.07554233,0.00009839
0.87156965,0.09442792,0.00009922
0.87156965,0.11331350,0.00010004
0.87156965,0.13219909,0.00010085
0.87156965,0.15108466,0.00010165
0.87156965,0.16997025,0.00010242
0.87156965,0.18885584,0.00010319
0.87156965,0.20774141,0.00010393
0.87156965,0.22662700,0.00010465
0.87156965,0.24551258,0.00010535
0.87156965,0.26439818,0.00010603
0.87156965,0.28328375,0.00010668
0.87156965,0.30216933,0.00010730
0.87156965,0.32105493,0.00010788
0.87156965,0.33994050,0.00010843
0.87156965,0.35882608,0.00010894
0.87156965,0.37771168,0.00010941
0.87156965,0.39659725,0.00010983
0.87156965,0.41548283,0.00011020
0.87156965,0.43436843,0.00011051
0.87156965,0.45325400,0.00011076
0.87156965,0.47213958,0.00011095
0.87156965,0.49102515,0.00011105
0.87156965,0.50991073,0.00011108
0.87156965,0.52879636,0.00011101
0.87156965,0.54768193,0.00011083
0.87156965,0.56656750,0.00011055
0.87156965,0.58545308,0.00011013
0.87156965,0.60433865,0.00010957
0.87156965,0.62322423,0.00010885
0.87156965,0.64210986,0.00010794
0.87156965,0.66099543,0.00010681
0.87156965,0.67988101,0.00010544
0.87156965,0.69876658,0.00010378
0.87156965,0.71765215,0.00010176
0.87156965,0.73653773,0.00009933
0.87156965,0.75542336,0.00009637
0.87156965,0.77430893,0.00009274
0.87156965,0.79319451,0.00008820
0.87156965,0.81208008,0.00008237
0.87156965,0.83096565,0.00007447
0.87156965,0.84985123,0.00006251
0.87156965,0.86873686,0.00003410
0.87156965,0.88762243,0.00000000
0.87156965,0.90650801,0.00000000
0.87156965,0.92539358,0.00000000
0.88951098,0.00000000,0.00009415
0.88951098,0.01888558,0.00009502
0.88951098,0.03777117,0.00009589
0.88951098,0.05665675,0.00009674
0.88951098,0.07554233,0.00009759
0.88951098,0.09442792,0.00009843
0.88951098,0.11331350,0.00009926
0.88951098,0.13219909,0.00010008
0.88951098,0.15108466,0.00010089
0.88951098,0.16997025,0.00010168
0.88951098,0.18885584,0.00010246
0.88951098,0.20774141,0.00010322
0.88951098,0.22662700,0.00010397
0.88951098,0.24551258,0.00010469
0.88951098,0.26439818,0.00010539
0.88951098,0.28328375,0.00010606
0.88951098,0.30216933,0.00010671
0.88951098,0.32105493,0.00010733
0.88951098,0.33994050,0.00010791
0.88951098,0.35882608,0.00010846
0.88951098,0.37771168,0.00010897
0.88951098,0.39659725,0.00010943
0.88951098,0.41548283,0.00010985
0.88951098,0.43436843,0.00011022
0.88951098,0.45325400,0.00011053
0.88951098,0.47213958,0.00011078
0.88951098,0.49102515,0.00011095
0.88951098,0.50991073,0.00011106
0.88951098,0.52879636,0.00011107
0.88951098,0.54768193,0.00011100
0.88951098,0.56656750,0.00011082
0.88951098,0.58545308,0.00011053
0.88951098,0.60433865,0.00011011
0.88951098,0.62322423,0.00010954
0.88951098,0.64210986,0.00010881
0.88951098,0.66099543,0.00010789
0.88951098,0.67988101,0.00010675
0.88951098,0.69876658,0.00010536
0.88951098,0.71765215,0.00010368
0.88951098,0.73653773,0.00010165
0.88951098,0.75542336,0.00009920
0.88951098,0.77430893,0.00009621
0.88951098,0.79319451,0.00009254
0.88951098,0.81208008,0.00008795
0.88951098,0.83096565,0.00008204
0.88951098,0.84985123,0.00007400
0.88951098,0.86873686,0.00006171
0.88951098,0.88762243,0.00003016
0.88951098,0.90650801,0.00000000
0.88951098,0.92539358,0.00000000
0.90745225,0.00000000,0.00009332
0.90745225,0.01888558,0.00009420
0.90745225,0.03777117,0.00009507
0.90745225,0.05665675,0.00009593
0.90745225,0.07554233,0.00009679
0.90745225,0.09442792,0.00009764
0.90745225,0.11331350,0.00009848
0.90745225,0.13219909,0.00009931
0.90745225,0.15108466,0.00010013
0.90745225,0.16997025,0.00010093
0.90745225,0.18885584,0.00010172
0.90745225,0.20774141,0.00010250
0.90745225,0.22662700,0.00010326
0.90745225,0.24551258,0.00010400
0.90745225,0.26439818,0.00010472
0.90745225,0.28328375,0.00010542
0.90745225,0.30216933,0.00010609
0.90745225,0.32105493,0.00010674
0.90745225,0.33994050,0.00010736
0.90745225,0.35882608,0.00010794
0.90745225,0.37771168,0.00010848
0.90745225,0.39659725,0.00010899
0.90745225,0.41548283,0.00010946
0.90745225,0.43436843,0.00010987
0.90745225,0.45325400,0.00011024
0.90745225,0.47213958,0.00011054
0.90745225,0.49102515,0.00011079
0.90745225,0.50991073,0.00011096
0.90745225,0.52879636,0.00011106
0.90745225,0.54768193,0.00011107
0.90745225,0.56656750,0.00011099
0.90745225,0.58545308,0.00011081
0.90745225,0.60433865,0.00011051
0.90745225,0.62322423,0.00011008
0.90745225,0.64210986,0.00010951
0.90745225,0.66099543,0.00010877
0.90745225,0.67988101,0.00010784
0.90745225,0.69876658,0.00010669
0.90745225,0.71765215,0.00010529
0.90745225,0.73653773,0.00010359
0.90745225,0.75542336,0.00010154
0.90745225,0.77430893,0.00009906
0.90745225,0.79319451,0.00009604
0.90745225,0.81208008,0.00009233
0.90745225,0.83096565,0.00008769
0.90745225,0.84985123,0.00008170
0.90745225,0.86873686,0.00007352
0.90745225,0.88762243,0.00006089
0.90745225,0.90650801,0.00002443
0.90745225,0.92539358,0.00000000
0.92539358,0.00000000,0.00009249
0.92539358,0.01888558,0.00009337
0.92539358,0.03777117,0.00009424
0.92539358,0.05665675,0.00009511
0.92539358,0.07554233,0.00009597
0.92539358,0.09442792,0.00009683
0.92539358,0.11331350,0.00009768
0.92539358,0.13219909,0.00009852
0.92539358,0.15108466,0.00009935
0.92539358,0.16997025,0.00010017
0.92539358,0.18885584,0.00010097
0.92539358,0.20774141,0.00010176
0.92539358,0.22662700,0.00010254
0.92539358,0.24551258,0.00010330
0.92539358,0.26439818,0.00010404
0.92539358,0.28328375,0.00010476
0.92539358,0.30216933,0.00010546
0.92539358,0.32105493,0.00010613
0.92539358,0.33994050,0.00010677
0.92539358,0.35882608,0.00010739
0.92539358,0.37771168,0.00010797
0.92539358,0.39659725,0.00010851
0.92539358,0.41548283,0.00010902
0.92539358,0.43436843,0.00010948
0.92539358,0.45325400,0.00010989
0.92539358,0.47213958,0.00011025
0.92539358,0.49102515,0.00011056
0.92539358,0.50991073,0.00011080
0.92539358,0.52879636,0.00011097
0.92539358,0.54768193,0.00011106
0.92539358,0.56656750,0.00011107
0.92539358,0.58545308,0.00011099
0.92539358,0.60433865,0.00011080
0.92539358,0.62322423,0.00011049
0.92539358,0.64210986,0.00011006
0.92539358,0.66099543,0.00010947
0.92539358,0.67988101,0.00010872
0.92539358,0.69876658,0.00010778
0.92539358,0.71765215,0.00010662
0.92539358,0.73653773,0.00010521
0.92539358,0.75542336,0.00010350
0.92539358,0.77430893,0.00010143
0.92539358,0.79319451,0.00009892
0.92539358,0.81208008,0.00009587
0.92539358,0.83096565,0.00009212
0.92539358,0.84985123,0.00008743
0.92539358,0.86873686,0.00008135
0.92539358,0.88762243,0.00007302
0.92539358,0.90650801,0.00006004
0.92539358,0.92539358,0.00000000